City,PM2.5,PM10,NO2,SO2,CO,AQI
Chennai,186.06,301.82,182.8,91.83,0.6,356
Bangalore,168.54,207.18,90.63,71.14,2.29,415
Mumbai,77.26,203.61,12.79,67.83,2.82,99
Bangalore,123.36,338.53,75.65,40.65,5.52,163
Bangalore,182.4,157.33,166.15,2.13,1.53,453
Delhi,154.06,346.72,141.79,13.78,1.43,372
Mumbai,296.46,174.59,94.57,54.39,9.44,338
Mumbai,49.57,144.73,15.74,68.16,8.06,349
Mumbai,211.59,192.52,88.24,42.91,1.89,236
Bangalore,127.25,309.73,96.46,73.61,4.13,70
Chennai,134.18,67.88,186.07,53.14,3.62,403
Mumbai,218.1,94.64,130.01,9.27,7.93,355
Bangalore,210.81,381.55,65.77,20.82,5.15,263
Delhi,297.46,86.69,107.44,84.32,1.37,455
Chennai,47.23,235.74,17.88,73.04,7.42,201
Delhi,40.19,240.14,194.65,89.69,4.03,182
Chennai,220.06,206.06,75.21,13.52,2.7,443
Bangalore,177.73,265.0,98.18,99.04,3.82,409
Hyderabad,89.51,107.33,74.28,22.52,5.03,282
Chennai,33.03,230.01,138.09,3.15,3.5,109
Delhi,34.84,161.43,134.14,99.75,2.49,147
Bangalore,269.32,271.43,144.49,29.55,4.05,345
Chennai,65.64,73.66,57.29,67.47,0.29,223
Hyderabad,103.78,236.93,66.56,19.31,7.75,426
Hyderabad,75.73,90.4,29.42,58.86,1.79,477
Mumbai,112.95,125.88,132.82,90.6,0.53,413
Mumbai,30.13,103.11,12.76,33.38,6.57,220
Delhi,160.53,89.48,121.55,67.68,7.76,405
Chennai,29.61,333.77,174.59,20.41,8.16,208
Chennai,242.1,128.57,178.71,63.23,4.99,125
Mumbai,77.78,372.31,92.56,34.97,2.13,65
Chennai,166.6,388.57,94.56,22.7,7.4,224
Chennai,265.22,237.08,20.01,32.69,7.03,457
Hyderabad,198.75,74.34,135.8,19.53,2.54,158
Mumbai,164.56,162.33,165.15,90.39,9.04,143
Bangalore,104.06,323.14,52.71,40.92,1.13,486
Mumbai,106.57,159.61,87.15,26.04,9.83,61
Bangalore,204.15,53.07,168.57,45.94,8.62,404
Hyderabad,298.3,231.58,176.04,33.41,6.91,195
Delhi,201.93,341.15,52.42,74.95,9.39,67
Chennai,171.76,322.45,112.36,97.18,7.25,463
Hyderabad,221.89,86.55,42.54,44.93,1.99,113
Chennai,144.91,275.65,24.87,86.38,4.48,298
Delhi,27.44,103.79,182.67,57.45,0.81,173
Delhi,173.07,102.92,165.0,17.41,3.96,79
Hyderabad,287.71,352.15,153.21,69.68,7.44,72
Delhi,60.84,114.87,14.51,52.32,3.93,102
Bangalore,210.1,120.03,169.53,65.76,3.37,82
Delhi,68.27,20.25,90.42,89.19,5.99,392
Chennai,165.39,350.85,71.77,45.16,8.73,269
Chennai,38.04,321.19,111.56,90.32,0.57,204
Chennai,140.61,258.38,22.81,75.57,3.92,238
Chennai,229.29,305.1,152.55,49.88,1.67,468
Bangalore,110.8,77.78,118.57,61.12,6.98,460
Mumbai,202.82,194.16,41.39,33.91,1.15,372
Hyderabad,240.68,153.46,41.71,98.39,6.68,448
Chennai,278.88,55.64,40.93,67.4,2.93,194
Delhi,78.05,204.73,16.12,6.3,2.07,221
Chennai,125.8,369.88,119.62,34.01,9.37,326
Delhi,54.2,35.22,168.87,63.08,0.28,331
Delhi,297.82,130.76,8.41,7.52,4.43,267
Chennai,278.83,98.87,14.56,4.34,0.31,230
Bangalore,166.59,110.5,116.69,46.1,4.89,494
Delhi,254.19,365.21,164.8,34.6,5.06,420
Delhi,161.08,197.87,68.71,44.95,3.28,246
Chennai,190.84,197.19,73.17,27.74,1.41,377
Delhi,35.85,309.02,121.29,18.14,3.83,171
Delhi,229.03,78.71,58.47,69.54,6.76,95
Chennai,47.04,205.16,10.19,52.43,7.85,209
Chennai,249.56,183.39,148.37,21.62,5.35,231
Hyderabad,236.79,246.83,127.0,33.32,5.94,57
Bangalore,215.54,399.83,118.25,60.0,2.09,417
Bangalore,20.49,312.39,149.63,9.08,2.94,212
Delhi,97.91,171.19,136.67,16.45,1.7,311
Bangalore,86.3,334.47,45.15,9.18,2.57,83
Delhi,114.44,84.87,73.73,81.61,2.33,129
Hyderabad,35.42,31.58,29.59,75.74,5.24,450
Chennai,281.72,97.69,30.32,75.82,5.67,324
Chennai,170.6,149.36,136.86,72.2,9.45,478
Chennai,98.6,214.02,172.43,67.6,2.04,499
Bangalore,125.12,253.75,192.73,48.75,6.45,217
Hyderabad,139.69,366.03,127.53,64.94,8.19,184
Bangalore,184.17,213.74,40.9,5.76,5.65,436
Bangalore,159.55,210.48,25.6,62.9,2.62,499
Hyderabad,276.62,39.09,163.51,78.23,2.7,333
Hyderabad,154.12,33.27,117.86,51.04,0.49,408
Hyderabad,297.73,229.44,125.57,37.04,3.12,402
Hyderabad,256.91,186.51,157.39,29.19,7.47,210
Chennai,70.47,338.89,142.14,64.99,0.57,308
Mumbai,279.87,81.06,167.72,69.89,2.27,425
Mumbai,43.75,29.49,15.96,87.35,7.09,360
Hyderabad,247.06,190.63,150.77,35.55,7.85,60
Mumbai,120.38,110.24,170.92,77.44,4.61,202
Mumbai,264.61,38.85,60.8,57.01,7.01,115
Hyderabad,261.74,295.35,129.89,88.52,3.94,155
Mumbai,243.72,62.41,66.26,53.73,1.68,457
Bangalore,239.11,251.16,191.8,52.73,4.04,67
Delhi,98.36,126.8,11.52,58.63,5.84,149
Delhi,33.47,85.93,118.06,75.43,9.49,189
Hyderabad,126.86,164.31,37.47,96.54,0.78,328
Chennai,60.32,324.55,143.88,9.21,5.12,290
Hyderabad,211.54,169.0,39.3,7.24,3.36,148
Chennai,110.37,305.29,50.9,93.88,5.13,124
Delhi,292.93,67.68,101.4,53.93,0.34,157
Hyderabad,195.88,313.65,183.39,62.26,3.2,276
Bangalore,248.52,110.03,46.28,49.28,8.22,172
Mumbai,48.43,277.41,33.13,11.18,5.58,476
Chennai,259.98,235.0,153.0,77.27,4.56,259
Mumbai,277.6,373.07,102.62,75.23,2.93,76
Mumbai,151.25,167.18,182.8,32.55,3.05,378
Hyderabad,185.81,45.14,33.59,32.01,3.89,198
Mumbai,231.79,27.28,130.96,84.11,8.37,344
Bangalore,60.7,334.21,50.41,9.09,9.68,176
Mumbai,155.74,219.4,35.57,88.35,4.44,307
Hyderabad,125.61,314.59,138.27,27.15,3.99,397
Bangalore,52.45,109.08,120.77,60.11,8.48,468
Delhi,116.58,151.13,152.19,93.73,4.33,168
Mumbai,29.77,31.44,65.35,68.46,5.56,201
Hyderabad,17.49,385.37,92.35,42.61,2.39,259
Delhi,49.2,273.79,84.07,69.57,7.46,467
Delhi,289.3,374.62,196.9,35.71,5.37,456
Chennai,169.36,120.89,61.99,29.17,8.11,90
Bangalore,290.09,252.36,62.49,99.67,7.83,109
Mumbai,135.42,277.83,74.14,75.58,2.23,273
Hyderabad,100.43,140.67,115.1,65.18,7.18,98
Chennai,156.78,342.28,54.2,36.82,8.02,206
Bangalore,137.46,379.92,183.48,6.82,3.53,117
Chennai,40.64,356.24,56.81,5.04,1.81,336
Bangalore,195.84,300.85,179.68,56.31,0.13,477
Bangalore,72.65,125.44,25.18,76.68,4.56,499
Mumbai,189.68,127.01,133.03,54.66,3.59,219
Bangalore,198.56,386.08,181.86,84.4,5.59,320
Chennai,54.09,23.91,37.91,5.28,1.96,435
Bangalore,27.79,292.1,193.82,37.94,8.61,103
Mumbai,236.42,288.37,93.31,25.23,2.65,360
Mumbai,143.34,256.62,189.41,45.83,2.34,234
Chennai,26.87,396.24,136.98,9.09,4.86,143
Delhi,298.51,138.51,63.81,95.5,5.04,231
Delhi,26.76,149.19,41.72,23.88,2.23,84
Bangalore,211.56,50.0,64.23,92.39,2.79,363
Hyderabad,295.27,188.26,23.14,43.74,1.78,164
Bangalore,79.36,119.2,33.05,98.58,7.21,190
Chennai,51.25,150.49,25.41,56.3,7.72,104
Chennai,45.2,337.14,87.47,93.22,4.68,439
Chennai,97.95,375.48,160.14,2.52,7.17,272
Chennai,39.3,90.58,32.57,75.33,7.39,307
Chennai,210.73,161.55,30.41,90.5,1.47,306
Mumbai,28.06,372.88,130.47,15.69,9.67,235
Delhi,157.73,43.49,43.45,11.42,8.23,137
Chennai,299.04,55.1,24.03,43.61,2.12,385
Hyderabad,246.05,81.86,37.54,93.5,1.94,107
Hyderabad,188.41,246.18,185.13,55.15,1.34,97
Hyderabad,98.81,77.18,165.19,53.69,1.47,370
Hyderabad,190.93,387.87,74.04,15.83,7.51,144
Mumbai,162.84,189.75,132.89,2.08,4.75,188
Hyderabad,133.56,210.58,109.77,81.39,7.85,264
Chennai,47.91,113.73,137.04,10.58,7.49,252
Bangalore,267.12,198.96,138.12,64.12,6.09,369
Hyderabad,140.44,271.53,127.6,91.63,6.9,331
Mumbai,66.44,305.45,56.89,22.45,0.28,340
Mumbai,116.65,306.47,12.61,67.2,3.19,371
Hyderabad,130.1,239.6,93.84,9.71,6.41,182
Bangalore,249.99,363.66,178.74,61.17,0.19,195
Hyderabad,222.75,330.61,116.05,18.07,0.43,247
Mumbai,233.1,307.68,167.32,74.12,8.53,188
Delhi,13.2,41.13,198.37,31.52,6.87,493
Chennai,130.68,22.61,36.91,47.41,2.73,416
Mumbai,149.59,100.73,139.9,60.74,6.91,124
Hyderabad,15.57,272.14,136.49,18.78,7.95,53
Chennai,85.35,176.26,196.09,74.68,3.14,69
Hyderabad,230.48,172.91,197.19,31.66,0.46,160
Hyderabad,49.76,356.14,138.9,66.91,9.33,101
Delhi,165.24,360.31,52.5,17.51,3.52,290
Chennai,72.41,365.49,160.72,69.44,1.15,436
Chennai,13.52,139.27,25.87,14.56,4.97,382
Delhi,79.95,282.6,157.24,43.68,7.71,147
Mumbai,293.0,123.22,182.49,26.23,2.29,230
Hyderabad,242.45,92.43,79.65,75.34,2.77,279
Bangalore,288.28,90.16,127.97,27.68,2.5,415
Hyderabad,151.48,150.0,88.88,88.41,9.92,428
Hyderabad,41.82,183.38,90.36,89.4,2.05,459
Mumbai,168.91,335.76,65.52,21.25,5.8,279
Hyderabad,141.77,65.56,153.62,62.16,9.26,362
Delhi,254.86,299.27,187.55,10.6,1.55,100
Delhi,38.44,221.95,188.45,40.37,9.71,304
Chennai,151.59,129.42,39.08,71.91,9.48,162
Bangalore,53.51,207.27,175.58,66.62,8.86,244
Hyderabad,104.16,133.98,148.8,63.22,2.22,335
Hyderabad,223.83,246.51,54.3,29.69,6.38,166
Mumbai,148.05,184.86,18.12,39.05,7.63,73
Delhi,119.01,82.47,57.26,12.09,9.86,55
Bangalore,124.4,64.3,182.88,72.46,1.89,60
Chennai,143.24,227.74,128.47,51.38,7.68,54
Delhi,237.65,362.92,145.61,71.46,3.45,100
Chennai,268.7,150.7,55.14,26.4,1.84,158
Mumbai,287.05,298.54,145.28,33.79,4.27,150
Mumbai,238.2,270.29,10.48,34.75,7.96,494
Hyderabad,101.47,373.99,78.19,4.52,4.7,188
Bangalore,209.56,331.97,127.22,35.42,5.42,107
Chennai,136.9,235.31,33.49,80.72,9.95,296
Delhi,83.85,269.67,165.49,89.94,4.05,436
Mumbai,253.85,361.39,50.83,52.79,6.19,355
Hyderabad,21.14,171.82,132.19,46.64,3.72,183
Hyderabad,271.51,144.18,84.01,5.02,3.99,303
Chennai,143.83,24.11,121.23,88.16,6.99,372
Mumbai,194.79,334.09,25.95,3.28,9.39,378
Bangalore,201.21,324.37,8.3,94.59,5.47,350
Mumbai,269.58,59.69,182.37,49.94,7.71,442
Chennai,194.63,239.21,57.58,35.51,0.98,442
Chennai,188.04,196.31,164.84,92.57,2.19,311
Mumbai,29.33,65.11,199.87,4.39,5.07,243
Chennai,160.34,392.62,46.23,58.98,0.3,339
Mumbai,53.55,101.58,56.71,55.8,2.6,418
Delhi,223.86,45.55,134.26,23.49,5.22,53
Mumbai,158.54,246.04,193.26,44.03,0.25,496
Mumbai,207.27,300.77,183.58,65.92,2.72,132
Chennai,22.09,32.33,103.06,73.26,5.19,262
Chennai,34.59,270.31,160.05,2.07,5.77,442
Hyderabad,217.73,222.27,31.47,93.81,9.26,151
Hyderabad,30.9,59.24,195.6,18.12,6.49,265
Delhi,30.66,85.56,193.05,24.89,4.21,110
Hyderabad,13.51,235.83,36.93,27.82,9.31,228
Mumbai,287.39,132.62,63.39,5.71,7.87,130
Chennai,223.88,376.56,24.53,14.06,2.08,214
Hyderabad,112.44,331.12,57.98,98.66,1.4,218
Hyderabad,96.0,393.76,164.11,32.89,6.79,497
Delhi,111.41,118.67,78.77,13.3,5.64,498
Delhi,234.65,388.49,22.24,12.49,7.92,102
Mumbai,201.8,183.87,71.73,72.51,7.41,377
Chennai,63.71,152.06,196.37,85.75,6.29,73
Delhi,60.49,39.13,127.79,27.18,9.87,64
Hyderabad,38.53,40.05,86.15,4.05,5.38,97
Chennai,201.49,282.96,37.48,23.86,1.22,484
Chennai,231.67,194.01,197.3,7.54,8.3,473
Hyderabad,86.86,106.08,165.07,12.13,2.59,137
Delhi,16.07,253.31,59.89,44.29,7.8,123
Hyderabad,33.83,116.09,18.66,24.53,9.58,158
Chennai,290.68,239.5,16.04,52.56,7.0,282
Bangalore,95.68,156.5,28.47,26.84,6.0,306
Bangalore,233.07,332.95,118.25,94.17,4.66,150
Mumbai,191.15,331.86,186.11,90.78,3.71,390
Hyderabad,120.76,201.39,101.86,57.55,3.59,189
Hyderabad,69.65,153.31,169.37,36.73,6.4,465
Mumbai,45.2,157.77,91.95,39.35,7.54,346
Mumbai,188.35,326.17,143.17,42.36,6.82,246
Mumbai,234.64,144.71,147.72,73.3,2.06,405
Chennai,196.73,99.44,38.92,46.26,4.99,418
Hyderabad,163.79,52.18,75.44,85.96,7.94,181
Chennai,22.17,197.34,129.27,94.52,4.81,203
Mumbai,290.86,203.21,18.79,34.92,5.41,471
Hyderabad,241.63,339.55,75.5,56.95,7.73,124
Chennai,94.92,104.07,109.29,11.32,6.65,69
Chennai,294.19,164.78,199.26,21.65,4.15,254
Mumbai,184.55,327.19,97.53,42.52,8.96,411
Hyderabad,178.9,332.98,164.13,22.21,1.71,397
Mumbai,226.94,166.15,89.25,87.9,9.96,464
Hyderabad,245.41,194.47,160.3,17.51,1.28,290
Bangalore,200.38,135.25,121.11,46.65,0.25,95
Delhi,47.15,374.37,177.89,61.36,8.91,315
Delhi,108.1,65.08,85.13,69.8,2.53,400
Delhi,279.14,374.82,122.84,39.54,7.32,92
Mumbai,75.14,279.87,127.85,87.17,8.13,128
Bangalore,117.93,222.0,86.39,57.7,8.6,56
Hyderabad,135.3,32.41,33.14,45.07,9.92,317
Chennai,137.43,200.73,23.24,8.59,3.01,449
Hyderabad,187.75,174.94,8.25,47.54,7.13,352
Chennai,283.49,81.26,175.34,82.43,1.24,492
Hyderabad,79.8,269.44,51.11,62.23,4.13,78
Bangalore,45.24,389.04,46.24,83.55,8.49,456
Chennai,67.27,233.63,148.53,50.41,3.74,416
Mumbai,267.21,291.61,67.4,13.61,5.95,191
Hyderabad,197.29,46.01,103.68,3.34,5.09,488
Hyderabad,92.91,178.71,36.69,31.72,6.49,180
Chennai,246.62,64.22,192.15,70.4,9.73,450
Mumbai,259.8,252.86,171.06,79.45,0.65,446
Mumbai,255.49,376.62,173.44,30.98,5.78,391
Bangalore,276.49,271.48,84.32,50.57,8.64,304
Mumbai,83.15,49.19,153.66,43.27,4.87,104
Mumbai,228.96,154.77,33.06,42.23,0.88,289
Mumbai,143.56,229.25,6.68,24.67,5.65,211
Delhi,254.18,173.22,8.89,15.36,3.39,406
Bangalore,221.26,336.78,119.39,21.28,1.63,391
Hyderabad,235.17,329.57,93.8,7.42,8.51,460
Chennai,200.29,252.5,106.01,21.42,5.26,57
Hyderabad,61.45,161.91,6.46,2.9,9.34,414
Bangalore,168.06,117.03,87.42,63.47,8.08,472
Chennai,295.55,60.23,145.02,33.0,6.96,405
Bangalore,281.84,154.86,91.33,97.37,0.15,109
Mumbai,22.52,177.01,147.78,20.98,4.34,87
Chennai,57.8,276.81,50.44,35.89,2.06,59
Mumbai,48.2,270.1,163.56,37.07,9.12,333
Hyderabad,220.53,46.64,119.74,2.83,1.83,333
Hyderabad,247.16,170.2,46.1,84.24,2.93,494
Chennai,71.92,89.08,51.16,5.14,5.22,229
Chennai,156.7,79.59,127.47,94.14,2.71,199
Bangalore,253.8,334.37,166.84,89.42,2.18,331
Bangalore,222.51,35.93,86.05,54.48,6.03,422
Mumbai,167.25,179.29,55.37,55.27,0.98,472
Chennai,181.2,83.92,174.07,66.07,0.68,411
Hyderabad,157.42,354.15,135.51,39.93,3.79,242
Bangalore,96.29,231.68,92.38,65.43,7.23,336
Bangalore,173.86,107.92,100.14,6.39,5.59,435
Hyderabad,209.78,210.92,44.83,7.3,4.29,271
Bangalore,263.26,297.96,127.23,46.81,5.7,148
Mumbai,194.52,384.08,74.95,55.86,3.72,126
Chennai,230.73,103.77,199.15,89.01,9.37,50
Hyderabad,56.42,356.75,98.64,12.26,0.64,373
Chennai,143.85,375.04,99.75,82.62,6.77,100
Bangalore,12.71,368.24,115.34,22.58,8.92,160
Bangalore,81.54,261.46,183.77,40.62,8.06,184
Hyderabad,220.67,259.33,161.16,33.03,1.92,302
Mumbai,297.62,173.22,92.97,41.22,3.03,229
Delhi,38.76,305.91,145.15,16.75,7.2,354
Hyderabad,126.43,221.89,119.32,51.35,0.93,75
Delhi,242.02,277.43,101.01,80.56,8.14,106
Delhi,69.17,182.81,42.5,45.27,7.22,275
Mumbai,170.97,297.97,95.47,50.08,7.32,202
Delhi,222.59,333.3,52.93,85.18,1.09,183
Delhi,188.64,75.65,183.39,71.19,7.21,80
Mumbai,64.53,336.51,70.4,50.06,6.83,453
Delhi,113.06,225.31,190.69,27.25,8.33,361
Delhi,237.3,340.97,108.95,88.72,0.51,105
Delhi,170.73,183.89,128.15,58.55,0.33,79
Hyderabad,11.52,164.04,110.87,23.67,3.79,489
Hyderabad,230.69,367.72,30.23,28.37,1.57,357
Hyderabad,20.24,115.44,78.29,80.71,5.63,238
Mumbai,226.26,340.8,24.33,6.33,9.18,366
Bangalore,68.72,203.93,126.48,99.23,3.98,390
Delhi,287.84,215.36,92.14,14.77,8.47,401
Delhi,116.7,137.22,156.71,80.01,0.1,265
Mumbai,104.81,237.76,47.99,40.69,1.77,243
Delhi,53.18,143.58,37.09,50.24,0.4,55
Hyderabad,98.63,34.92,84.23,88.3,3.35,467
Bangalore,264.23,123.36,185.68,42.47,9.09,321
Chennai,298.94,22.42,143.53,54.67,1.06,141
Delhi,116.81,391.77,86.69,6.83,6.1,464
Hyderabad,140.1,386.98,105.87,2.23,4.57,462
Chennai,219.4,170.16,21.42,25.99,9.39,495
Bangalore,267.0,296.78,196.99,68.7,1.31,443
Chennai,181.98,151.41,134.95,13.88,2.2,499
Hyderabad,123.54,275.02,60.65,13.15,0.39,160
Chennai,129.66,326.06,119.23,42.27,4.4,429
Mumbai,211.73,379.77,26.35,65.49,2.85,420
Chennai,10.93,172.08,193.34,71.78,8.71,154
Delhi,189.68,317.65,39.08,19.49,6.09,94
Delhi,113.09,121.05,131.37,9.8,6.18,491
Mumbai,240.32,396.33,52.86,94.16,5.37,183
Hyderabad,36.97,29.79,144.92,27.55,1.01,442
Delhi,180.58,249.34,156.48,85.63,4.51,52
Bangalore,149.48,270.61,136.32,86.62,10.0,59
Delhi,196.27,281.46,124.83,77.71,8.37,260
Delhi,28.81,65.75,179.03,18.55,8.95,157
Hyderabad,178.2,376.64,20.33,82.54,8.25,360
Chennai,172.83,88.85,69.53,77.39,1.12,305
Delhi,172.59,256.65,53.42,60.48,2.35,85
Mumbai,185.01,104.62,197.66,35.05,0.13,123
Chennai,206.18,136.74,80.93,27.73,3.1,225
Bangalore,243.45,227.65,147.86,13.95,1.18,134
Hyderabad,88.25,178.53,138.52,51.96,4.78,407
Bangalore,249.26,80.89,46.36,59.36,6.8,237
Chennai,154.49,84.96,51.6,37.22,8.76,92
Chennai,32.35,178.9,59.85,48.59,7.52,268
Chennai,26.98,307.77,85.17,37.62,9.39,91
Bangalore,106.93,361.23,50.69,64.82,0.63,108
Chennai,237.62,51.97,8.83,90.32,0.22,158
Bangalore,215.23,169.38,176.48,18.06,6.65,437
Chennai,238.7,58.09,193.29,39.38,2.96,466
Mumbai,160.01,26.31,71.61,15.81,2.61,422
Chennai,137.66,271.45,71.01,63.24,3.38,200
Bangalore,52.76,248.93,6.38,73.43,2.77,173
Delhi,105.18,81.95,137.65,93.33,5.16,297
Chennai,135.87,108.85,165.96,29.33,4.46,375
Delhi,35.69,29.01,33.59,95.12,5.17,497
Mumbai,73.98,337.28,36.13,8.2,6.76,109
Hyderabad,183.49,390.38,159.07,61.1,3.93,72
Mumbai,223.34,71.47,125.18,7.6,2.59,362
Chennai,299.52,107.96,13.75,89.59,1.75,425
Delhi,280.6,350.0,126.4,53.92,3.56,431
Delhi,196.34,372.06,65.24,67.6,7.44,355
Bangalore,132.16,179.46,76.9,83.49,7.59,479
Delhi,194.49,39.24,155.1,16.73,6.7,280
Bangalore,237.84,34.97,163.13,5.78,2.42,461
Hyderabad,44.32,238.1,83.07,88.13,5.92,486
Chennai,128.87,169.3,189.69,32.86,5.75,431
Bangalore,253.54,30.89,84.26,14.64,4.89,189
Hyderabad,121.31,241.64,155.51,47.91,5.54,138
Delhi,175.84,24.29,99.36,60.63,4.97,297
Delhi,180.45,319.2,180.02,5.04,5.7,254
Hyderabad,63.5,136.44,182.01,28.94,7.18,445
Delhi,115.05,35.3,22.05,5.21,1.19,95
Hyderabad,107.01,243.57,187.62,43.19,7.52,166
Bangalore,17.6,171.12,165.98,89.72,1.45,388
Bangalore,17.02,390.04,159.31,98.3,0.76,93
Hyderabad,251.19,226.8,44.18,64.43,9.76,194
Bangalore,89.19,124.59,162.0,17.84,9.57,224
Bangalore,160.24,289.59,170.78,90.77,0.7,330
Bangalore,96.63,123.17,61.38,52.59,4.49,121
Mumbai,282.8,363.61,190.69,17.07,1.94,437
Chennai,85.2,162.39,14.72,92.33,4.9,251
Delhi,134.6,228.95,34.23,76.23,8.32,463
Mumbai,263.09,39.22,109.83,73.71,9.51,261
Bangalore,254.16,181.93,117.28,71.5,6.38,174
Hyderabad,63.97,336.3,130.8,21.63,3.6,114
Bangalore,242.77,326.15,8.31,22.68,6.07,52
Chennai,142.87,105.24,192.27,69.45,3.19,289
Bangalore,150.06,105.91,13.69,23.53,9.11,98
Hyderabad,48.71,330.58,32.9,44.99,8.72,226
Chennai,33.37,373.55,7.73,78.64,5.63,315
Bangalore,221.1,56.24,115.54,78.83,3.32,174
Chennai,153.97,191.02,186.79,46.42,3.0,129
Delhi,136.69,148.23,134.86,79.63,0.43,399
Delhi,221.56,350.86,165.42,84.18,8.18,476
Bangalore,232.0,51.74,7.59,66.17,4.56,95
Chennai,56.08,100.23,110.69,24.39,3.32,120
Hyderabad,186.97,305.94,94.61,28.85,4.76,482
Bangalore,49.25,39.49,102.3,32.85,8.21,67
Delhi,227.9,207.16,19.08,13.45,1.33,490
Delhi,200.52,188.0,138.46,28.77,8.59,52
Bangalore,287.42,147.07,103.13,22.53,8.99,443
Chennai,30.0,169.94,154.2,46.62,9.47,188
Delhi,26.55,221.38,99.63,91.03,4.04,472
Chennai,91.83,81.32,34.13,12.24,2.25,193
Delhi,85.89,237.36,131.41,72.59,3.8,344
Delhi,81.62,326.06,38.62,69.35,3.4,86
Mumbai,272.81,308.86,175.12,11.38,1.84,159
Delhi,82.37,78.48,124.56,92.41,6.11,398
Hyderabad,88.87,76.71,35.65,57.71,4.82,288
Bangalore,230.23,121.91,192.66,37.65,8.67,468
Bangalore,140.42,157.21,106.08,76.14,0.42,243
Chennai,235.25,175.21,19.22,27.22,6.47,441
Delhi,28.96,278.28,127.23,69.96,7.65,252
Hyderabad,151.4,41.54,54.37,5.89,7.62,491
Chennai,19.75,33.18,161.72,84.26,8.87,482
Mumbai,28.17,168.93,164.48,45.92,7.32,198
Chennai,272.87,284.92,195.89,64.4,9.29,449
Chennai,50.38,93.51,102.86,23.68,3.39,431
Delhi,164.4,263.77,93.72,68.35,5.08,145
Mumbai,129.22,118.73,151.93,77.68,0.24,331
Chennai,110.73,356.71,30.83,48.37,0.17,83
Hyderabad,270.95,360.36,111.65,62.54,2.48,427
Hyderabad,16.33,132.97,111.52,46.72,1.1,129
Bangalore,202.5,107.4,22.45,89.62,2.68,82
Mumbai,289.38,176.3,86.51,50.79,1.85,230
Mumbai,172.45,111.4,171.39,84.5,0.38,310
Bangalore,281.68,275.51,171.95,80.53,9.1,435
Chennai,25.15,333.9,24.35,42.23,0.18,488
Mumbai,131.45,275.78,22.69,24.55,7.39,248
Hyderabad,85.45,333.25,56.23,41.8,1.61,77
Hyderabad,221.94,170.86,175.58,82.97,9.13,387
Delhi,294.58,79.4,30.14,24.31,8.94,304
Mumbai,84.39,300.42,145.4,53.39,6.57,252
Chennai,199.71,156.98,24.73,81.0,6.76,189
Bangalore,67.45,275.08,126.51,36.64,0.15,276
Bangalore,173.95,122.84,74.43,64.94,9.85,202
Chennai,144.54,50.87,158.84,26.07,8.79,391
Delhi,291.88,397.18,50.57,12.71,8.96,295
Bangalore,186.47,79.36,129.64,79.85,6.63,445
Mumbai,111.36,395.6,50.96,11.7,3.51,295
Delhi,43.09,391.37,144.16,28.6,8.95,157
Mumbai,53.86,321.65,175.37,85.8,2.99,433
Hyderabad,75.34,270.58,29.73,35.95,5.67,301
Delhi,82.78,239.57,173.99,97.36,1.09,143
Bangalore,256.68,349.12,120.75,98.01,9.23,331
Delhi,172.75,129.99,29.79,28.29,1.49,211
Delhi,161.78,197.72,88.37,6.02,2.33,430
Delhi,43.28,255.37,36.37,71.1,5.63,254
Delhi,259.44,176.25,141.57,46.2,7.66,377
Mumbai,219.62,182.44,152.98,11.87,6.23,93
Hyderabad,29.62,145.51,25.63,71.34,2.4,228
Chennai,215.27,234.41,103.7,5.06,0.11,492
Delhi,167.63,343.22,163.85,87.28,7.6,414
Bangalore,33.7,96.58,187.55,15.59,9.85,122
Delhi,142.91,375.08,105.14,14.48,8.12,175
Bangalore,150.56,281.85,190.3,19.22,4.66,198
Mumbai,58.07,332.84,109.46,96.11,9.05,343
Bangalore,284.25,231.35,81.87,69.93,4.16,391
Chennai,256.49,316.22,170.4,80.53,5.3,387
Hyderabad,204.02,26.16,101.13,40.97,4.82,279
Bangalore,144.07,330.98,97.02,34.96,4.53,415
Bangalore,129.41,35.25,100.61,24.98,7.77,247
Hyderabad,198.78,358.17,170.12,49.1,5.32,106
Chennai,168.18,396.95,167.23,56.08,3.24,304
Delhi,28.06,131.75,83.69,63.91,2.66,479
Bangalore,158.63,99.92,69.99,27.2,0.47,407
Hyderabad,243.86,310.84,100.93,94.97,5.87,310
Mumbai,143.18,116.15,116.69,18.64,2.38,341
Hyderabad,25.07,348.91,51.48,96.63,1.57,469
Mumbai,238.02,59.08,159.82,3.46,6.57,243
Chennai,68.4,67.86,99.86,49.15,6.84,199
Delhi,85.0,392.08,70.14,34.67,7.55,490
Hyderabad,57.76,276.06,25.83,46.01,5.09,439
Bangalore,105.76,341.82,51.57,57.93,8.95,195
Chennai,229.46,143.25,190.11,44.69,9.37,259
Hyderabad,160.62,277.06,64.49,42.65,8.09,237
Bangalore,69.42,245.81,37.93,73.81,6.39,117
Hyderabad,264.57,249.2,94.83,69.22,3.11,481
Mumbai,265.08,279.36,64.88,83.66,9.83,232
Hyderabad,262.47,238.64,11.86,26.5,2.81,444
Hyderabad,79.25,183.04,68.01,61.73,2.11,135
Hyderabad,140.86,124.85,111.1,59.35,4.48,297
Chennai,295.65,312.06,112.58,38.23,0.66,61
Hyderabad,233.88,105.98,74.53,49.63,9.79,394
Bangalore,17.88,283.09,92.22,32.75,5.93,311
Mumbai,28.91,108.67,193.28,15.9,5.61,332
Mumbai,144.54,257.63,78.58,22.95,6.59,73
Hyderabad,273.67,303.89,55.35,12.34,5.02,145
Chennai,166.22,103.11,52.48,68.94,0.42,83
Chennai,154.37,42.78,94.26,66.75,6.16,180
Bangalore,40.59,69.77,153.11,95.16,7.19,332
Hyderabad,200.47,250.28,45.17,73.51,4.23,305
Mumbai,248.41,342.79,143.31,7.1,7.6,325
Chennai,120.32,37.1,9.12,88.66,2.35,297
Hyderabad,234.93,298.98,86.69,86.54,2.29,173
Chennai,289.7,149.7,156.29,45.45,1.7,160
Chennai,69.09,201.84,71.05,59.41,3.78,112
Mumbai,161.77,372.97,114.93,97.66,8.49,432
Delhi,93.27,146.15,44.97,54.17,8.3,327
Bangalore,239.93,196.83,149.69,90.72,3.89,134
Bangalore,177.5,25.2,15.19,10.14,5.93,130
Mumbai,194.03,51.01,171.25,20.72,7.24,443
Chennai,241.4,118.26,43.65,45.19,2.49,384
Hyderabad,124.83,30.58,175.51,59.31,1.76,347
Chennai,275.38,259.92,73.74,81.99,9.72,233
Mumbai,164.58,182.03,145.92,98.85,6.21,168
Bangalore,55.81,228.3,67.25,40.11,9.82,491
Chennai,211.81,86.37,181.65,6.65,3.44,409
Bangalore,240.05,132.45,29.69,80.51,7.06,186
Hyderabad,101.86,272.25,39.81,61.23,2.3,431
Bangalore,258.58,386.82,101.14,21.46,2.69,392
Bangalore,272.78,39.16,20.98,50.49,5.17,184
Delhi,90.3,358.35,43.22,74.75,3.26,242
Delhi,295.22,239.21,189.03,77.5,1.76,134
Delhi,50.81,234.29,195.42,50.96,2.7,100
Bangalore,68.58,210.11,78.37,31.91,0.45,375
Mumbai,63.43,46.37,185.04,97.43,7.07,170
Bangalore,269.26,54.15,111.24,67.01,4.97,419
Mumbai,199.74,248.35,57.6,42.01,1.03,498
Mumbai,54.11,149.56,141.97,29.49,1.8,84
Delhi,137.69,368.56,133.49,73.65,1.12,263
Chennai,188.44,174.5,197.88,25.73,6.16,411
Hyderabad,34.2,74.45,56.68,18.83,1.03,405
Delhi,265.9,291.59,136.05,53.92,7.57,392
Delhi,243.05,131.47,15.14,30.42,0.3,207
Chennai,156.51,219.68,27.16,63.63,2.57,254
Hyderabad,290.47,285.18,5.76,13.56,8.92,318
Bangalore,131.15,362.1,199.89,66.18,7.21,488
Bangalore,295.39,321.03,161.44,29.76,0.82,197
Delhi,203.7,277.02,158.41,2.02,8.23,465
Hyderabad,194.05,278.26,104.4,14.44,4.98,171
Delhi,58.13,379.45,63.51,93.49,8.48,495
Mumbai,265.76,132.41,34.5,87.0,6.05,352
Delhi,133.97,20.42,60.51,24.89,6.85,259
Delhi,57.05,123.34,78.31,78.28,9.94,326
Bangalore,13.66,102.8,152.48,61.64,2.4,173
Bangalore,172.33,271.5,110.23,97.15,6.28,173
Bangalore,162.95,260.81,20.11,38.61,4.66,101
Mumbai,218.61,245.52,8.52,68.78,0.49,101
Bangalore,268.17,26.17,24.95,8.23,0.24,206
Hyderabad,33.03,296.94,85.05,40.83,1.28,393
Chennai,222.13,142.94,186.97,96.45,6.53,324
Hyderabad,64.35,272.72,129.29,54.82,5.71,96
Hyderabad,258.87,231.5,161.36,30.21,5.58,434
Bangalore,247.53,150.24,95.94,13.79,0.42,321
Chennai,166.83,71.14,75.52,70.95,4.75,482
Chennai,215.97,55.88,26.14,65.2,9.25,352
Chennai,101.16,335.98,175.81,38.65,4.04,129
Mumbai,146.64,368.99,157.72,95.19,6.29,263
Bangalore,248.27,266.92,37.78,4.18,7.82,342
Chennai,143.19,59.3,104.89,31.76,7.86,63
Mumbai,113.76,172.77,100.04,92.26,5.24,57
Delhi,153.32,297.0,126.89,33.45,8.59,108
Delhi,250.19,316.33,189.51,26.72,3.97,163
Mumbai,107.21,64.92,118.06,54.35,8.9,243
Mumbai,60.39,20.01,110.34,82.73,2.48,269
Bangalore,216.48,290.61,14.81,12.11,2.87,112
Bangalore,249.53,155.51,17.27,94.42,0.63,353
Delhi,39.18,116.7,41.53,79.92,7.98,318
Chennai,79.56,24.9,11.33,19.76,4.23,183
Delhi,51.17,225.31,149.95,71.78,2.37,56
Chennai,110.9,343.44,146.05,39.73,2.39,85
Chennai,140.6,383.9,31.53,41.42,9.02,226
Bangalore,227.16,234.98,168.04,78.76,8.36,119
Hyderabad,198.83,215.5,35.18,96.35,5.58,220
Hyderabad,190.07,52.32,63.73,14.41,6.2,333
Mumbai,112.19,228.57,53.55,43.22,4.8,296
Bangalore,254.02,164.39,77.6,49.13,3.98,154
Chennai,146.67,250.71,54.66,38.88,9.16,205
Hyderabad,293.94,167.72,100.35,37.59,1.34,326
Chennai,193.9,111.31,84.44,7.12,4.24,437
Hyderabad,46.62,56.09,197.38,69.18,3.51,389
Hyderabad,206.09,139.67,15.91,44.75,5.03,299
Hyderabad,104.28,56.73,32.73,21.09,4.63,213
Bangalore,209.03,87.22,15.3,81.97,5.24,214
Delhi,30.2,395.19,127.04,80.65,1.49,446
Chennai,60.72,188.76,15.63,49.67,5.18,68
Bangalore,258.16,222.11,168.11,31.25,2.5,495
Bangalore,75.88,351.98,104.83,64.53,1.92,349
Bangalore,252.74,398.32,107.77,30.24,0.74,357
Bangalore,90.99,241.43,114.51,25.13,7.65,67
Bangalore,196.44,328.74,38.31,73.59,4.33,322
Mumbai,211.3,144.24,43.55,5.95,6.3,268
Chennai,158.67,136.18,67.17,11.29,7.3,98
Bangalore,98.54,173.03,120.73,2.67,6.83,175
Chennai,71.67,275.55,45.97,16.99,4.76,451
Mumbai,19.62,279.23,27.68,8.76,3.94,297
Mumbai,98.14,139.79,194.17,99.59,3.82,236
Chennai,199.42,70.62,9.29,30.3,6.44,83
Hyderabad,282.11,260.31,161.53,16.63,5.0,371
Delhi,262.65,68.76,158.67,25.62,8.51,366
Hyderabad,232.16,239.83,62.96,93.74,8.76,326
Hyderabad,238.65,283.5,31.45,52.98,1.79,280
Hyderabad,202.85,286.23,33.4,37.75,1.45,245
Bangalore,85.48,306.32,141.0,87.59,6.34,317
Mumbai,273.09,351.69,130.35,40.71,3.08,155
Hyderabad,204.51,209.98,157.64,34.83,0.28,474
Mumbai,172.53,297.49,187.81,22.31,8.9,315
Chennai,42.19,255.29,139.93,39.02,2.35,190
Delhi,139.65,90.92,35.39,33.04,9.3,252
Chennai,143.5,29.76,52.47,68.38,7.2,413
Chennai,260.72,128.13,169.23,30.38,7.65,123
Bangalore,168.53,188.35,45.81,58.57,2.09,182
Delhi,120.32,254.5,19.14,8.46,2.42,356
Chennai,293.27,342.98,142.14,20.75,5.26,192
Chennai,42.11,94.57,83.49,41.93,1.8,407
Delhi,132.54,67.71,184.41,93.82,3.12,109
Delhi,22.19,386.12,131.8,38.97,3.28,393
Chennai,224.57,61.06,22.63,67.08,1.68,81
Delhi,276.24,201.83,189.83,27.0,2.13,56
Chennai,91.21,242.51,55.42,14.45,7.91,454
Chennai,258.92,225.72,70.76,7.74,1.76,312
Bangalore,94.74,52.69,83.44,31.93,0.38,208
Hyderabad,274.12,41.67,14.99,17.45,6.33,155
Chennai,228.65,60.08,101.82,19.05,9.76,328
Mumbai,243.42,242.52,29.05,76.55,3.38,279
Hyderabad,15.22,226.85,83.19,3.55,1.27,496
Hyderabad,289.22,108.82,73.39,56.67,5.75,492
Hyderabad,220.73,262.35,155.7,39.19,9.07,336
Bangalore,98.38,331.63,161.62,51.64,7.86,249
Chennai,250.52,35.8,34.92,57.16,6.26,271
Bangalore,91.64,209.29,76.48,32.71,3.22,357
Chennai,263.1,281.94,77.8,30.92,5.46,96
Bangalore,42.65,115.88,34.53,73.87,1.0,198
Bangalore,214.07,136.95,160.7,87.39,6.82,84
Mumbai,166.8,253.18,142.91,20.87,7.28,83
Bangalore,37.99,361.22,42.12,11.57,9.65,138
Delhi,80.15,327.77,76.51,89.98,2.68,268
Mumbai,13.6,241.59,25.63,36.29,0.28,403
Bangalore,145.94,297.48,127.5,56.03,5.5,268
Hyderabad,97.37,158.63,28.67,37.24,7.1,201
Delhi,183.52,263.57,197.26,14.33,7.93,87
Delhi,96.2,197.15,157.23,59.75,2.02,298
Delhi,96.98,92.18,81.1,53.46,2.69,172
Mumbai,225.53,286.66,117.82,21.89,5.17,327
Bangalore,23.96,231.46,182.71,46.28,3.37,490
Bangalore,271.84,156.28,113.05,80.1,8.62,100
Hyderabad,257.16,366.31,39.03,59.86,4.79,145
Hyderabad,203.66,27.95,78.85,11.5,8.02,263
Delhi,182.03,139.99,169.41,55.71,5.85,486
Hyderabad,268.77,41.61,130.62,70.87,7.75,397
Mumbai,63.75,311.28,131.89,79.68,3.39,454
Bangalore,32.9,286.8,174.03,63.65,8.33,200
Delhi,79.46,145.91,179.32,16.96,2.82,496
Hyderabad,240.43,276.75,184.36,71.6,5.51,96
Mumbai,20.05,170.46,23.5,68.38,2.22,74
Mumbai,179.01,307.38,111.1,4.39,4.81,435
Hyderabad,298.68,192.59,149.4,42.35,3.25,467
Bangalore,258.15,176.67,152.6,34.63,2.74,91
Hyderabad,161.22,375.2,123.31,67.6,9.67,101
Delhi,28.46,115.33,37.52,23.18,1.68,65
Hyderabad,251.1,65.77,160.5,59.91,7.89,97
Mumbai,183.7,242.13,145.42,91.49,9.84,144
Hyderabad,43.33,388.34,21.8,80.18,0.3,487
Bangalore,37.22,163.58,95.44,92.3,7.02,351
Chennai,273.79,43.57,38.93,97.89,2.6,400
Hyderabad,204.07,148.94,70.81,3.05,0.5,399
Bangalore,250.49,212.25,8.53,63.03,4.09,291
Bangalore,264.9,81.53,83.06,42.46,9.36,409
Mumbai,175.81,270.08,112.23,86.27,0.22,318
Bangalore,160.06,399.14,125.82,26.68,5.92,192
Bangalore,134.82,191.66,134.38,98.14,5.06,302
Bangalore,101.91,154.8,168.08,62.14,8.75,290
Bangalore,136.03,172.27,47.02,79.77,0.93,421
Delhi,234.43,63.76,28.49,10.39,6.85,492
Delhi,184.56,355.64,171.05,19.98,6.83,235
Mumbai,268.83,177.63,35.54,76.32,6.72,394
Hyderabad,138.58,167.16,195.08,4.15,9.43,95
Bangalore,186.06,270.68,169.29,82.05,8.25,400
Hyderabad,193.08,187.97,102.67,3.37,0.52,217
Hyderabad,181.59,266.33,196.38,66.4,4.76,68
Mumbai,213.76,43.35,23.99,37.78,4.04,213
Bangalore,78.86,329.21,64.1,61.93,3.17,325
Bangalore,158.59,377.39,129.45,70.21,4.57,104
Chennai,40.23,266.53,73.25,35.56,3.9,466
Hyderabad,121.51,382.74,186.03,12.58,4.38,85
Hyderabad,151.42,77.54,17.8,8.83,9.79,469
Delhi,199.15,201.42,112.14,59.72,0.98,368
Chennai,285.65,248.69,120.22,53.02,9.23,198
Delhi,184.19,241.06,132.28,74.74,4.85,226
Delhi,225.64,172.56,54.85,51.95,6.28,383
Delhi,156.82,148.47,76.09,43.4,8.32,321
Mumbai,193.89,68.19,169.52,41.01,3.67,352
Mumbai,30.57,168.86,43.01,4.59,4.36,225
Delhi,83.77,81.81,166.24,34.88,4.15,270
Chennai,114.94,299.06,114.72,97.65,3.81,495
Hyderabad,147.02,99.36,153.63,87.61,9.26,146
Chennai,23.24,42.25,144.15,34.28,8.31,238
Bangalore,50.61,229.9,45.46,59.6,1.18,181
Mumbai,90.28,246.19,115.92,85.04,1.17,394
Hyderabad,291.74,351.33,174.21,45.24,4.34,394
Hyderabad,106.09,239.25,89.26,3.76,1.08,182
Bangalore,149.79,151.28,193.49,9.3,6.23,87
Bangalore,66.87,325.14,93.18,52.02,1.52,55
Delhi,187.13,225.31,32.84,97.01,5.27,242
Mumbai,91.4,50.13,80.94,69.93,0.17,235
Mumbai,70.03,235.02,190.58,8.95,3.23,495
Chennai,159.81,365.05,67.35,20.56,6.8,261
Delhi,11.6,170.6,174.28,77.59,4.89,165
Delhi,12.22,132.6,176.84,84.46,9.78,451
Delhi,73.53,74.52,73.29,62.53,8.75,271
Delhi,20.65,77.55,21.24,65.15,3.65,320
Mumbai,41.33,184.45,146.29,4.78,0.55,93
Mumbai,108.27,246.36,65.74,83.2,8.47,222
Delhi,242.75,50.63,157.67,79.25,9.12,475
Chennai,175.89,377.04,91.32,27.39,8.22,315
Hyderabad,158.67,306.95,99.63,71.45,1.37,205
Hyderabad,95.11,242.92,156.69,23.06,9.98,332
Chennai,280.21,334.81,79.56,5.95,2.66,460
Delhi,125.13,50.47,91.41,21.71,7.27,173
Mumbai,35.26,201.2,78.36,19.51,9.09,277
Hyderabad,188.95,259.44,76.63,35.1,2.43,481
Bangalore,43.01,334.89,107.56,43.01,9.09,128
Bangalore,110.11,317.72,162.72,51.84,3.16,374
Chennai,157.15,125.29,75.54,48.72,9.77,327
Delhi,263.52,377.53,107.23,28.53,2.88,356
Hyderabad,153.13,67.25,135.79,4.86,9.54,208
Delhi,213.66,352.55,57.54,61.3,0.63,191
Hyderabad,297.92,388.96,59.12,40.78,7.12,358
Chennai,48.13,87.32,187.02,31.27,5.37,147
Chennai,89.67,294.39,146.09,86.96,4.83,239
Bangalore,124.43,35.31,117.55,75.18,2.31,135
Delhi,132.33,174.06,131.31,86.06,7.09,54
Bangalore,129.2,216.19,10.71,50.51,1.99,487
Delhi,273.21,240.65,125.53,14.83,5.57,244
Bangalore,217.07,375.66,104.35,70.23,2.61,486
Mumbai,186.29,275.46,111.42,22.2,9.56,113
Mumbai,99.72,202.89,75.09,45.24,0.38,314
Mumbai,248.9,327.68,20.89,8.37,2.08,140
Mumbai,286.97,381.2,42.7,82.88,2.5,406
Hyderabad,248.15,28.39,190.4,14.34,4.2,403
Mumbai,10.45,393.36,84.7,90.5,2.4,101
Chennai,194.56,52.73,96.0,86.69,4.96,460
Chennai,24.83,329.47,15.28,47.53,8.74,138
Hyderabad,84.71,126.53,12.33,74.95,7.15,326
Mumbai,27.26,70.23,144.85,62.71,5.84,494
Mumbai,185.1,187.15,109.93,80.7,0.98,447
Mumbai,209.11,264.7,104.2,44.32,6.97,480
Bangalore,43.2,164.76,52.41,79.01,1.75,204
Delhi,121.31,40.73,150.23,47.32,7.89,98
Bangalore,142.31,247.8,37.81,94.21,2.58,135
Delhi,117.03,362.91,42.04,49.66,4.23,275
Mumbai,45.1,165.62,94.84,47.34,3.57,407
Mumbai,131.49,102.21,60.82,78.94,8.6,118
Bangalore,227.84,188.18,53.26,82.51,1.35,347
Bangalore,30.59,38.38,130.82,56.34,5.7,196
Delhi,33.25,331.79,131.94,19.62,1.51,204
Chennai,112.88,334.01,165.78,47.84,7.08,348
Delhi,283.1,243.44,86.45,96.87,9.06,260
Bangalore,203.89,154.18,19.25,75.79,4.4,415
Bangalore,206.81,323.92,58.36,81.49,4.93,120
Hyderabad,114.96,230.78,196.1,5.22,9.28,405
Bangalore,182.16,333.85,121.27,47.85,5.26,79
Hyderabad,12.94,259.95,143.4,65.37,4.93,137
Chennai,194.47,318.07,6.43,83.34,5.83,345
Delhi,274.85,247.45,106.05,6.83,6.92,435
Delhi,187.65,177.37,12.32,85.54,1.16,164
Hyderabad,263.37,384.02,116.0,55.74,8.23,197
Delhi,219.95,225.62,184.55,21.34,4.41,292
Bangalore,44.96,249.93,193.84,33.09,0.82,145
Mumbai,271.71,103.79,110.41,29.63,7.88,415
Hyderabad,29.27,257.75,94.35,54.02,3.83,398
Delhi,164.85,237.21,189.28,7.07,1.09,115
Hyderabad,51.22,90.24,136.35,17.54,6.37,259
Hyderabad,13.39,42.64,17.66,81.64,8.81,399
Mumbai,132.39,249.66,95.82,15.0,8.89,202
Bangalore,95.56,310.2,51.85,24.87,9.58,335
Hyderabad,150.94,218.89,96.61,46.43,8.69,73
Delhi,177.39,106.17,93.82,52.68,0.12,324
Chennai,22.68,273.28,118.52,76.83,3.86,119
Hyderabad,45.67,50.44,74.57,45.84,8.2,424
Hyderabad,172.01,187.9,37.03,79.41,3.73,210
Mumbai,109.52,82.08,103.23,62.6,6.06,177
Bangalore,221.46,90.09,166.89,13.08,6.1,428
Chennai,199.16,96.87,134.48,17.32,3.71,73
Delhi,255.23,166.95,70.98,44.83,9.05,228
Chennai,210.82,39.44,187.43,40.9,5.08,217
Delhi,134.68,171.16,182.88,74.87,4.7,178
Bangalore,205.16,214.45,45.82,58.91,9.98,460
Delhi,89.86,203.65,12.69,40.04,4.99,388
Mumbai,98.83,165.46,149.56,18.73,1.87,79
Mumbai,238.81,338.88,166.38,24.23,5.18,372
Mumbai,139.46,75.22,193.73,58.4,8.16,287
Mumbai,241.53,212.16,178.52,43.5,7.79,455
Chennai,248.5,43.58,122.1,52.46,7.91,191
Bangalore,258.69,47.04,108.36,18.73,7.11,308
Delhi,275.82,238.07,10.43,66.96,2.62,275
Delhi,134.99,235.09,53.1,85.55,8.63,270
Mumbai,102.47,353.65,94.62,27.28,8.95,255
Mumbai,178.84,231.99,127.56,50.17,2.02,143
Hyderabad,117.64,384.72,113.66,97.6,1.39,390
Bangalore,184.31,38.5,149.81,34.66,9.76,253
Chennai,214.62,57.24,59.55,60.31,8.7,481
Delhi,209.64,36.75,115.17,10.84,8.94,167
Hyderabad,118.62,90.41,22.19,61.39,8.88,357
Hyderabad,58.39,225.68,85.66,10.78,5.46,473
Delhi,134.85,265.32,151.28,96.01,6.5,349
Chennai,51.35,37.32,140.21,72.13,5.5,442
Hyderabad,268.13,379.47,198.18,79.24,0.61,422
Hyderabad,110.3,340.02,59.19,71.0,7.48,212
Bangalore,54.79,132.71,102.15,59.79,5.1,320
Chennai,17.38,49.33,69.26,46.09,6.51,120
Hyderabad,197.29,84.56,90.92,86.12,5.08,291
Chennai,194.7,68.24,172.11,95.77,4.97,154
Delhi,108.78,66.85,138.42,50.91,1.8,385
Mumbai,30.8,217.05,177.08,93.29,2.86,288
Hyderabad,128.79,113.42,44.68,59.17,1.67,235
Bangalore,100.25,156.09,175.31,54.76,2.04,171
Delhi,206.36,396.01,16.65,46.54,9.73,499
Chennai,185.68,280.04,178.28,22.51,1.62,82
Delhi,115.73,380.61,69.17,2.36,2.77,70
Hyderabad,73.19,74.17,66.34,25.67,5.95,148
Chennai,296.53,165.21,104.86,51.95,6.14,487
Mumbai,141.66,230.8,188.43,39.24,1.62,491
Delhi,209.6,49.17,14.32,45.95,7.96,345
Hyderabad,50.76,21.59,73.69,98.1,7.87,446
Bangalore,150.82,274.77,172.03,36.33,2.45,146
Chennai,17.99,263.89,82.23,46.31,2.96,487
Delhi,156.58,176.1,43.84,15.08,9.39,114
Delhi,289.57,206.06,87.83,6.7,8.27,96
Mumbai,121.42,177.87,80.18,77.99,7.01,100
Mumbai,21.31,29.12,183.51,57.93,0.91,308
Bangalore,18.98,147.44,153.58,76.55,4.24,401
Bangalore,122.52,87.29,103.5,16.69,5.64,215
Hyderabad,56.41,57.4,197.73,58.04,1.96,490
Hyderabad,16.77,383.55,95.73,26.86,4.54,245
Bangalore,229.3,247.76,16.36,24.35,6.05,118
Bangalore,142.97,296.89,56.14,3.13,3.34,260
Chennai,93.88,139.84,90.03,14.77,7.83,356
Mumbai,271.02,169.4,35.6,32.31,8.42,425
Hyderabad,43.68,110.03,189.78,13.45,3.3,256
Mumbai,287.22,56.85,154.54,98.61,8.4,317
Mumbai,101.05,88.03,57.32,32.25,1.13,170
Bangalore,267.64,323.06,120.21,14.77,8.39,341
Chennai,184.85,277.47,145.68,21.51,1.61,494
Delhi,249.75,227.83,188.55,59.59,0.92,72
Chennai,295.36,200.53,176.92,8.28,6.45,449
Chennai,93.64,370.53,105.46,86.52,4.77,303
Mumbai,288.73,47.64,156.06,96.23,9.09,163
Chennai,122.95,126.63,114.62,26.18,3.7,480
Hyderabad,121.8,152.98,112.78,46.11,2.94,268
Mumbai,108.71,317.32,27.37,4.17,5.06,199
Hyderabad,167.01,397.16,29.6,64.79,4.61,132
Delhi,54.7,111.45,108.26,42.56,3.51,160
Mumbai,170.58,352.24,57.43,28.47,6.97,425
Delhi,167.09,335.64,9.1,22.27,7.62,326
Mumbai,230.95,105.37,145.95,66.09,8.54,461
Bangalore,251.76,171.75,11.33,42.79,9.73,154
Chennai,137.73,175.68,121.08,19.61,2.74,105
Bangalore,97.68,391.72,110.14,69.53,7.19,53
Delhi,85.21,88.74,193.92,57.38,4.0,279
Chennai,66.44,323.68,99.42,86.15,6.8,499
Mumbai,26.72,146.99,17.4,13.51,4.81,363
Chennai,109.31,297.73,112.58,79.0,9.94,189
Hyderabad,88.37,179.6,169.01,68.0,7.32,445
Chennai,290.26,239.78,199.39,13.27,9.53,402
Hyderabad,171.74,336.39,88.92,70.09,8.37,57
Chennai,110.71,325.58,67.46,45.27,9.04,418
Hyderabad,178.34,349.24,181.8,94.61,8.16,185
Delhi,50.37,42.65,42.29,15.88,4.65,117
Bangalore,138.77,282.98,125.01,65.0,2.59,152
Mumbai,191.61,73.2,84.11,39.43,3.77,261
Chennai,151.78,178.01,13.01,95.77,0.3,241
Bangalore,126.52,228.46,72.72,34.34,5.29,180
Mumbai,298.22,173.04,56.72,96.29,5.1,127
Mumbai,265.29,217.45,138.79,90.35,5.3,393
Hyderabad,190.79,398.68,190.01,28.5,9.74,496
Delhi,175.12,71.38,57.27,80.75,9.12,400
Delhi,189.99,276.67,163.24,99.57,1.7,183
Bangalore,68.38,170.48,15.8,26.76,3.75,160
Delhi,124.59,70.54,109.93,44.8,4.3,148
Chennai,21.44,80.32,18.76,52.98,3.67,112
Delhi,147.91,380.72,187.14,30.9,8.01,298
Bangalore,167.48,354.25,154.44,3.5,5.29,322
Delhi,76.05,364.68,133.3,23.57,5.76,367
Chennai,289.57,396.78,165.66,29.63,8.54,356
Hyderabad,273.74,99.16,131.27,45.47,8.08,182
Bangalore,219.42,155.07,193.94,18.77,1.41,199
Hyderabad,164.68,274.3,144.22,87.58,7.17,357
Hyderabad,262.29,203.84,185.31,71.08,4.41,207
Hyderabad,47.89,178.99,105.84,10.35,3.02,146
Mumbai,239.25,155.97,27.83,65.71,0.6,218
Mumbai,46.2,245.64,107.99,66.06,4.92,172
Hyderabad,240.32,238.73,29.74,95.71,3.62,90
Bangalore,89.97,81.35,120.54,2.3,2.59,424
Chennai,264.36,199.26,99.09,26.3,6.98,434
Chennai,283.77,230.32,126.4,92.92,7.72,149
Delhi,53.15,236.71,6.96,93.35,2.52,79
Bangalore,144.18,99.84,42.99,72.62,0.59,382
Mumbai,294.49,302.06,100.81,77.04,8.5,145
Hyderabad,150.19,29.58,190.35,10.97,0.2,227
Delhi,260.43,154.84,79.8,52.36,9.38,79
Chennai,180.73,316.48,87.75,24.7,6.31,152
Mumbai,118.85,234.28,144.37,19.76,3.29,407
Mumbai,92.88,119.24,122.74,81.41,2.54,412
Hyderabad,68.93,284.08,63.29,15.23,0.19,143
Chennai,230.92,235.61,85.11,47.93,2.43,201
Bangalore,122.1,322.57,47.45,93.98,1.46,110
Mumbai,158.27,299.31,193.37,20.21,6.16,83
Hyderabad,152.77,251.84,30.47,97.84,1.75,496
Bangalore,177.41,205.51,77.51,99.44,5.33,345
Chennai,261.02,70.61,10.04,56.45,5.94,294
Mumbai,294.41,119.31,48.25,18.67,3.05,394
Bangalore,128.2,179.26,157.19,32.98,0.45,428
Bangalore,249.98,247.73,44.23,43.6,0.47,413
Bangalore,231.71,215.21,20.61,32.31,0.36,57
Mumbai,176.32,129.51,97.52,29.5,7.42,134
Mumbai,287.25,22.46,6.94,97.28,3.25,345
Delhi,68.14,208.57,21.53,17.03,7.98,219
Chennai,41.69,128.54,162.49,73.87,4.37,492
Hyderabad,257.65,299.15,155.44,2.04,4.58,349
Bangalore,137.35,29.1,183.45,60.43,5.18,480
Delhi,255.62,242.23,171.63,91.76,7.16,141
Hyderabad,269.0,377.76,138.22,30.22,2.81,439
Delhi,28.11,86.28,15.2,20.18,1.3,195
Mumbai,266.2,199.23,157.66,65.86,5.6,495
Bangalore,140.01,54.74,169.87,71.83,3.34,121
Hyderabad,158.03,257.76,160.82,69.43,4.48,282
Hyderabad,191.71,229.2,104.15,33.29,6.5,407
Hyderabad,278.65,174.8,50.42,26.72,4.99,245
Hyderabad,15.54,218.12,169.84,95.68,6.24,261
Hyderabad,148.28,360.7,146.8,92.48,5.49,494
Delhi,209.44,94.59,196.25,46.82,7.42,241
Bangalore,219.59,28.57,35.36,84.93,7.09,322
Mumbai,210.83,347.43,49.0,46.33,5.39,75
Mumbai,48.99,239.3,46.3,43.59,6.82,429
Mumbai,96.82,358.45,159.55,17.36,8.75,342
Mumbai,114.03,246.84,41.45,43.79,4.38,232
Delhi,243.29,327.86,18.0,54.67,4.19,57
Chennai,90.84,183.28,199.72,4.21,7.67,316
Bangalore,71.1,304.95,9.84,45.52,5.87,56
Hyderabad,287.66,366.96,167.87,78.57,0.8,51
Chennai,12.57,237.41,76.25,68.64,8.93,327
Mumbai,299.37,88.7,169.12,64.25,0.4,135
Chennai,206.28,122.14,113.15,91.14,7.51,136
Bangalore,250.26,95.48,180.82,3.77,7.61,344
Hyderabad,95.44,113.81,185.61,56.59,9.54,74
Hyderabad,14.15,136.44,6.77,79.16,0.64,191
Bangalore,223.98,230.95,19.71,55.05,6.01,117
Bangalore,251.9,243.44,53.82,33.74,4.34,311
Mumbai,224.74,182.07,135.52,15.35,3.37,348
Hyderabad,51.43,253.86,178.21,88.98,0.99,375
Chennai,228.49,51.0,94.69,48.13,5.67,165
Delhi,232.99,53.36,123.36,88.06,4.84,90
Delhi,200.98,85.3,41.76,59.41,1.14,85
Bangalore,232.17,216.87,161.97,68.07,6.16,242
Mumbai,255.32,101.32,193.63,80.82,7.41,476
Delhi,187.95,127.65,57.38,66.6,7.7,148
Hyderabad,35.7,172.12,101.49,41.01,9.06,166
Bangalore,151.41,328.51,21.79,52.34,4.15,95
Chennai,32.52,25.27,114.03,80.7,9.54,323
Bangalore,128.19,266.76,103.04,38.62,8.67,356
Chennai,128.06,274.17,33.17,40.04,3.04,339
Bangalore,29.14,323.49,91.2,11.38,1.68,438
Bangalore,111.16,374.45,70.15,91.63,4.41,269
Bangalore,42.19,27.65,106.76,10.92,4.08,111
Chennai,244.39,78.44,119.2,65.52,5.8,180
Chennai,284.83,356.75,6.66,42.49,5.88,348
Bangalore,30.97,194.24,153.4,41.75,7.52,326
Delhi,286.98,234.54,144.04,68.6,5.15,289
Mumbai,161.55,271.95,76.43,8.58,1.14,357
Mumbai,96.87,278.05,15.32,60.18,8.6,337
Mumbai,32.29,374.06,152.21,77.66,3.17,447
Chennai,155.18,398.84,191.26,83.16,9.72,314
Chennai,240.41,293.66,51.83,18.71,1.27,400
Delhi,215.06,129.14,68.09,89.95,9.59,162
Mumbai,24.57,354.31,40.84,66.3,1.0,355
Mumbai,31.14,38.7,117.5,88.42,2.39,456
Bangalore,126.83,107.81,35.19,49.56,0.56,224
Chennai,95.63,361.01,74.46,55.12,7.08,401
Mumbai,77.39,117.35,140.92,92.07,8.52,376
Delhi,91.49,103.85,114.22,90.19,4.4,77
Delhi,243.01,72.49,80.36,45.92,9.29,312
Mumbai,279.48,346.46,86.95,28.89,5.94,109
Chennai,127.48,210.02,114.61,40.53,6.34,485
Delhi,272.77,276.46,6.14,40.0,8.47,415
Bangalore,103.23,110.85,20.31,30.11,3.04,99
Delhi,148.17,308.06,176.85,28.32,3.61,105
Hyderabad,75.55,308.8,20.19,86.38,9.07,318
Hyderabad,195.74,138.79,142.83,8.85,9.02,205
Chennai,293.9,176.06,184.41,68.41,9.77,66
Mumbai,185.01,99.68,57.78,18.94,9.03,294
Chennai,113.77,391.09,77.25,35.76,1.36,225
Chennai,197.87,265.33,115.94,8.03,8.25,95
Chennai,45.65,375.13,176.93,28.46,4.16,411
Chennai,267.71,135.29,188.67,77.31,9.91,462
Bangalore,155.89,317.12,149.21,88.73,4.78,390
Bangalore,140.31,311.03,21.89,23.71,5.58,420
Delhi,179.9,282.83,135.49,47.43,5.34,147
Hyderabad,191.19,386.94,85.01,48.09,3.29,169
Chennai,30.81,169.55,96.79,87.61,0.84,144
Delhi,207.96,69.67,14.58,76.75,8.97,394
Hyderabad,80.16,275.25,42.26,52.28,8.05,477
Mumbai,217.05,297.14,159.15,67.73,1.48,373
Bangalore,248.54,238.52,93.52,85.04,7.79,447
Hyderabad,243.15,98.59,63.82,2.93,6.3,337
Mumbai,170.23,211.69,79.88,41.48,4.15,224
Hyderabad,160.85,138.63,171.61,90.91,2.61,242
Bangalore,51.43,182.44,151.05,74.55,8.61,84
Bangalore,234.85,265.18,58.1,55.2,7.03,64
Delhi,88.71,303.18,27.91,53.91,5.52,363
Chennai,154.04,108.25,54.14,36.08,6.13,247
Hyderabad,92.44,174.02,184.55,53.01,1.0,298
Hyderabad,48.81,122.28,118.41,66.23,4.79,301
Mumbai,192.57,95.48,109.03,43.0,2.02,175
Bangalore,25.76,317.69,121.3,71.99,2.16,264
Hyderabad,227.11,365.52,76.38,86.4,6.65,262
Bangalore,102.1,160.69,162.39,17.16,9.12,225
Hyderabad,10.04,305.49,107.04,46.25,4.1,419
Delhi,158.23,360.86,27.77,41.99,2.16,253
Chennai,23.59,341.53,30.17,69.37,6.52,322
Hyderabad,90.09,89.47,109.69,26.49,8.72,453
Bangalore,215.02,383.39,187.63,64.74,7.51,440
Delhi,28.18,163.14,65.13,87.99,8.7,451
Hyderabad,253.41,148.91,174.56,42.98,5.41,172
Mumbai,11.11,43.72,154.0,91.28,7.54,66
Chennai,81.58,204.75,53.32,99.33,1.49,167
Hyderabad,224.86,61.43,12.09,12.4,3.55,175
Delhi,101.72,114.45,24.86,24.84,3.96,459
Mumbai,39.55,140.44,147.06,95.14,5.16,342
Delhi,114.47,327.35,43.94,95.92,9.3,87
Delhi,88.41,352.69,77.4,11.58,8.76,111
Mumbai,254.39,134.94,102.83,3.47,1.43,120
Delhi,100.87,346.31,146.47,17.79,1.81,334
Mumbai,238.79,345.75,27.08,99.61,3.64,381
Hyderabad,268.64,310.57,84.24,19.64,2.98,437
Mumbai,135.81,75.74,99.59,51.25,6.19,473
Mumbai,273.88,282.32,110.46,85.14,9.04,141
Chennai,119.42,379.11,164.58,4.0,9.63,189
Mumbai,289.58,279.37,38.48,61.24,6.57,158
Mumbai,35.89,146.01,162.53,29.15,8.4,211
Hyderabad,209.24,210.22,140.11,86.51,5.3,462
Chennai,153.21,265.38,113.39,29.78,2.16,309
Bangalore,122.42,214.02,141.41,69.3,5.29,382
Hyderabad,193.49,65.58,85.34,68.07,5.6,271
Hyderabad,214.12,138.58,31.99,23.71,7.45,63
Bangalore,11.27,324.91,134.82,5.41,2.28,79
Mumbai,58.42,347.34,107.31,42.11,3.75,292
Delhi,216.78,72.17,129.68,30.34,3.7,373
Chennai,203.25,381.91,70.91,81.28,9.6,147
Delhi,290.15,144.95,181.84,80.44,4.5,375
Bangalore,230.7,271.68,119.54,46.79,7.58,415
Hyderabad,285.72,305.69,21.65,61.44,7.53,235
Hyderabad,213.74,328.54,92.71,61.22,2.73,386
Chennai,96.44,379.38,152.49,83.06,5.76,232
Hyderabad,40.56,138.91,159.86,43.65,8.95,355
Hyderabad,236.73,346.23,101.45,28.99,4.8,394
Chennai,196.8,70.04,179.48,27.97,9.46,496
Chennai,23.97,287.92,57.2,54.55,2.22,205
Bangalore,114.41,301.95,85.07,46.02,0.83,235
Hyderabad,287.47,277.53,180.23,45.13,8.93,125
Hyderabad,155.12,115.88,179.77,10.93,8.49,142
Bangalore,135.49,351.76,138.71,72.42,9.93,362
Mumbai,142.73,84.17,172.5,22.95,6.83,463
Mumbai,70.58,40.38,22.31,21.3,9.37,228
Mumbai,116.93,292.64,173.67,42.45,8.29,131
Bangalore,117.25,200.68,67.52,24.32,8.46,178
Hyderabad,25.18,342.66,39.77,59.22,5.73,255
Bangalore,232.59,165.69,51.68,38.4,3.89,181
Bangalore,130.79,83.95,86.5,45.99,9.35,155
Mumbai,248.43,337.85,53.98,54.64,4.38,381
Delhi,256.6,228.59,67.51,21.95,5.43,54
Hyderabad,71.48,91.89,31.32,17.26,4.52,293
Mumbai,200.63,293.75,62.75,88.28,5.69,407
Delhi,146.96,214.22,116.6,44.5,4.76,170
Delhi,265.25,249.64,91.16,42.39,0.57,321
Chennai,72.56,195.14,72.61,5.49,8.83,351
Hyderabad,206.57,334.91,150.56,50.8,4.5,345
Delhi,186.25,335.23,179.23,56.31,5.93,251
Mumbai,95.64,289.57,152.57,56.77,1.48,206
Chennai,49.61,60.05,69.74,71.29,0.13,426
Hyderabad,198.98,338.76,150.17,19.39,2.53,391
Bangalore,224.19,274.98,34.64,26.72,7.08,195
Mumbai,101.53,284.87,30.41,81.45,1.08,96
Delhi,197.0,157.93,72.4,94.82,9.1,82
Delhi,124.59,354.13,162.5,15.32,2.23,92
Mumbai,216.83,295.64,53.04,50.77,2.13,312
Delhi,67.77,62.78,17.33,22.99,1.9,73
Chennai,268.16,174.96,30.68,7.89,0.24,202
Hyderabad,93.35,356.82,172.46,33.9,7.74,389
Chennai,116.66,37.93,128.59,16.08,8.76,182
Delhi,26.85,385.34,54.37,71.57,6.18,393
Bangalore,42.34,278.08,113.28,54.31,1.96,385
Hyderabad,159.6,259.92,107.88,16.1,2.92,161
Hyderabad,87.6,122.81,132.81,2.91,4.81,378
Mumbai,252.29,114.54,50.47,81.2,9.55,386
Mumbai,14.26,377.98,173.56,19.27,2.55,229
Bangalore,119.94,133.34,65.33,61.41,7.34,145
Hyderabad,107.83,314.69,140.36,35.02,4.45,285
Bangalore,15.61,169.39,8.14,59.38,3.05,465
Mumbai,46.07,72.92,77.67,32.93,4.61,338
Mumbai,129.96,24.07,73.58,10.52,0.8,128
Hyderabad,152.93,226.82,110.98,23.85,8.01,357
Chennai,127.24,390.8,19.18,20.43,2.51,242
Delhi,163.97,160.27,159.08,43.95,7.28,316
Mumbai,182.59,155.73,47.47,66.51,0.78,380
Mumbai,12.88,150.75,137.02,27.85,9.56,282
Chennai,144.59,217.81,161.63,3.18,2.01,416
Chennai,289.41,187.45,114.57,52.86,8.84,375
Bangalore,160.52,354.37,149.47,61.36,8.11,327
Bangalore,206.49,212.1,134.06,96.36,9.68,118
Delhi,100.44,212.95,74.33,59.77,4.83,426
Delhi,234.46,72.58,162.73,48.17,7.3,471
Hyderabad,234.15,393.44,62.47,58.19,3.77,112
Bangalore,161.18,114.99,116.39,92.93,1.93,270
Mumbai,293.04,47.88,150.35,83.18,4.49,166
Bangalore,46.41,272.0,78.9,33.65,1.74,390
Mumbai,14.91,246.24,64.04,25.25,9.82,375
Chennai,233.35,177.76,94.57,27.74,1.05,113
Bangalore,244.08,180.43,164.5,51.43,5.93,445
Chennai,44.86,318.32,186.33,74.92,6.3,131
Delhi,87.02,94.37,111.29,51.32,5.43,409
Delhi,15.09,331.7,133.99,8.64,6.66,256
Hyderabad,95.06,266.52,181.14,72.91,1.25,198
Bangalore,234.21,179.21,24.22,80.99,5.59,121
Chennai,160.21,194.05,50.26,30.37,2.94,125
Mumbai,110.95,117.53,143.24,67.08,9.41,348
Delhi,117.8,305.8,165.63,43.81,7.64,298
Delhi,10.39,214.89,172.12,89.13,9.73,105
Mumbai,96.94,141.92,85.95,84.83,0.47,101
Chennai,197.47,246.5,22.42,53.49,2.92,83
Chennai,292.52,398.38,90.37,69.77,2.03,385
Bangalore,255.65,185.4,49.99,88.57,0.21,370
Bangalore,16.84,369.86,61.78,50.58,2.5,76
Hyderabad,270.58,151.11,155.59,32.7,6.82,302
Delhi,237.13,40.8,19.73,75.86,2.39,88
Bangalore,236.31,97.61,166.38,23.57,5.14,457
Chennai,142.82,179.1,88.4,40.08,8.89,458
Mumbai,125.42,103.46,121.23,86.84,6.97,364
Chennai,97.85,20.09,22.48,72.99,4.01,467
Delhi,29.05,367.7,70.79,41.57,3.79,415
Chennai,76.19,340.67,22.49,23.04,4.61,423
Hyderabad,81.52,302.07,192.5,36.88,1.85,306
Delhi,150.38,83.77,162.42,29.84,6.38,188
Mumbai,226.76,65.74,94.63,19.26,3.71,148
Hyderabad,147.4,45.69,48.6,74.85,8.54,197
Delhi,26.77,295.13,187.02,26.7,7.59,333
Mumbai,287.76,372.95,72.2,46.51,6.14,128
Hyderabad,283.39,183.6,36.39,39.81,3.71,166
Hyderabad,237.7,65.27,114.82,98.24,2.18,261
Delhi,297.49,214.71,189.04,40.33,7.78,155
Bangalore,167.9,152.56,5.75,9.84,4.92,315
Hyderabad,289.2,162.43,51.43,10.8,2.33,465
Hyderabad,31.93,256.11,188.0,59.89,2.03,387
Mumbai,116.05,293.11,38.36,60.74,1.74,350
Chennai,75.36,62.03,27.08,43.04,7.79,312
Delhi,66.79,33.52,116.19,44.32,2.37,270
Delhi,50.83,397.85,173.06,7.29,5.31,134
Bangalore,190.5,108.44,98.04,52.62,4.57,453
Bangalore,236.58,40.46,198.94,51.46,5.84,162
Delhi,177.71,92.15,137.44,16.66,8.78,91
Bangalore,52.62,34.8,19.44,12.18,8.69,388
Mumbai,245.23,168.89,198.6,14.11,4.57,129
Delhi,194.43,324.91,84.54,11.9,0.25,217
Bangalore,122.57,149.67,61.04,61.75,4.32,63
Delhi,205.5,188.79,113.79,21.26,6.1,112
Chennai,85.37,276.72,64.34,26.64,5.62,128
Hyderabad,110.11,213.38,21.86,19.01,6.55,74
Delhi,276.07,347.35,5.28,95.87,1.63,345
Hyderabad,94.25,349.09,92.67,85.75,6.5,427
Bangalore,146.3,23.77,168.19,24.59,1.91,218
Hyderabad,268.14,315.66,116.6,34.1,7.53,444
Delhi,215.24,195.08,199.85,22.57,3.46,146
Chennai,28.04,395.76,60.94,50.2,7.13,196
Bangalore,52.72,203.63,59.69,3.92,0.57,118
Delhi,12.27,395.02,36.15,67.79,4.14,329
Bangalore,192.97,306.74,36.99,53.27,7.08,239
Mumbai,139.83,114.47,60.61,90.07,2.35,326
Hyderabad,48.94,224.59,159.6,18.11,7.97,393
Mumbai,287.8,397.01,181.62,80.8,6.34,296
Delhi,163.6,345.86,195.14,79.61,5.92,332
Chennai,80.15,57.0,50.3,14.46,3.6,471
Bangalore,155.18,288.42,176.85,41.06,4.88,185
Hyderabad,207.09,151.32,69.01,18.67,6.01,212
Bangalore,32.11,22.65,27.0,26.96,4.78,373
Delhi,89.66,173.32,174.65,27.8,7.01,325
Bangalore,244.02,109.21,129.04,56.51,4.39,130
Hyderabad,143.3,331.17,37.12,42.32,2.1,219
Delhi,168.51,148.19,88.82,94.88,2.22,261
Bangalore,135.52,334.46,61.02,14.38,0.16,239
Chennai,22.73,20.23,148.67,97.42,3.08,130
Delhi,58.07,136.97,93.42,24.6,7.51,466
Delhi,139.21,111.64,197.91,77.74,7.96,393
Chennai,70.66,108.76,15.68,35.22,2.1,267
Mumbai,24.49,45.91,74.23,16.02,9.59,356
Hyderabad,254.66,91.11,98.97,86.07,5.07,454
Mumbai,294.55,231.11,103.11,32.27,9.18,111
Bangalore,240.01,130.72,66.61,66.57,7.1,163
Chennai,257.6,178.61,147.2,57.51,7.25,294
Mumbai,80.17,163.21,175.58,48.23,0.94,410
Delhi,288.58,352.84,188.05,50.59,2.28,66
Bangalore,67.11,364.01,161.99,73.76,0.19,493
Bangalore,285.91,207.32,170.86,10.6,7.19,255
Mumbai,298.5,145.46,112.36,67.48,3.51,212
Mumbai,216.4,60.58,166.05,89.79,7.89,182
Chennai,294.53,382.29,64.18,7.66,3.46,128
Hyderabad,175.17,42.89,82.7,15.78,8.21,406
Mumbai,85.27,133.11,66.8,72.23,1.39,480
Mumbai,136.73,133.27,96.14,44.85,1.82,236
Delhi,182.13,141.75,60.69,41.55,3.47,479
Bangalore,31.19,82.43,192.51,15.42,4.14,421
Hyderabad,190.48,317.6,66.0,51.66,3.55,266
Delhi,294.54,66.55,24.12,14.4,7.66,353
Chennai,65.13,261.26,107.73,48.71,1.06,246
Chennai,239.85,67.06,16.13,76.83,3.58,301
Mumbai,273.29,46.8,26.56,27.31,8.39,76
Mumbai,283.67,365.58,47.78,49.12,0.76,363
Chennai,288.44,92.25,95.55,99.22,9.43,74
Mumbai,161.22,332.08,89.48,69.29,9.86,418
Hyderabad,293.42,226.96,160.94,84.45,0.98,421
Mumbai,229.62,49.59,149.2,42.66,2.98,157
Bangalore,56.88,383.07,88.13,77.25,3.79,196
Mumbai,148.3,113.85,70.07,5.97,7.79,267
Delhi,218.32,346.67,66.71,14.05,6.0,318
Hyderabad,81.73,84.15,155.93,21.9,6.48,179
Delhi,195.78,344.5,15.15,41.39,7.6,317
Delhi,203.31,25.03,7.5,84.88,1.27,184
Bangalore,57.18,214.48,160.13,35.93,8.35,75
Hyderabad,173.87,312.39,98.04,66.15,7.09,51
Hyderabad,233.77,375.22,30.52,71.51,5.82,96
Hyderabad,154.68,365.5,50.94,59.45,8.91,407
Hyderabad,13.51,331.46,186.84,37.01,7.03,483
Hyderabad,12.62,357.51,172.6,58.55,2.1,242
Bangalore,113.54,95.7,143.41,35.54,4.35,281
Mumbai,278.6,127.99,99.03,10.22,4.99,116
Delhi,76.32,129.81,106.46,99.29,0.65,298
Hyderabad,193.97,163.28,195.17,14.46,9.55,115
Mumbai,74.4,169.46,193.33,9.09,1.37,325
Mumbai,103.28,226.93,46.98,88.1,7.0,470
Delhi,255.93,80.75,163.17,31.58,5.11,138
Bangalore,221.37,282.67,43.46,65.73,0.35,394
Chennai,37.67,83.68,46.64,34.24,9.26,61
Chennai,134.32,137.92,136.84,40.36,8.53,219
Mumbai,18.46,211.27,83.98,27.69,5.29,100
Delhi,149.46,322.65,186.65,35.62,2.37,209
Chennai,202.11,301.0,22.36,42.25,1.3,128
Mumbai,44.37,265.3,104.75,72.6,3.7,218
Bangalore,93.78,79.19,184.11,52.13,2.63,238
Chennai,125.37,227.88,181.3,94.47,5.12,185
Mumbai,276.66,53.23,35.52,6.1,9.67,345
Mumbai,298.04,163.4,76.49,51.3,5.79,463
Hyderabad,23.02,177.14,125.73,59.25,8.91,230
Bangalore,230.69,35.13,36.08,92.18,6.54,137
Hyderabad,117.8,124.12,193.76,6.82,4.8,172
Delhi,123.81,383.15,183.38,58.2,8.56,434
Hyderabad,228.74,382.38,37.56,85.66,4.77,307
Hyderabad,276.34,153.88,28.63,25.71,8.7,255
Chennai,285.77,36.38,21.65,87.88,2.99,117
Mumbai,177.37,88.06,182.34,3.87,1.38,252
Bangalore,113.57,169.04,42.76,73.78,8.57,175
Hyderabad,238.39,380.16,86.18,93.45,5.92,474
Bangalore,82.79,73.66,92.53,66.41,8.9,448
Hyderabad,173.58,310.14,121.81,45.02,9.38,88
Delhi,113.99,61.3,18.99,6.4,0.63,282
Hyderabad,200.42,392.88,49.22,92.17,5.06,151
Chennai,79.72,165.01,186.64,48.09,3.81,235
Mumbai,65.56,314.59,182.14,4.84,6.3,445
Delhi,276.29,150.18,157.35,69.6,7.96,287
Hyderabad,39.52,258.51,8.78,49.22,2.88,200
Bangalore,156.73,92.97,68.77,14.19,5.61,144
Delhi,74.05,75.49,127.45,23.0,7.12,410
Delhi,21.29,376.46,58.66,8.32,1.43,331
Hyderabad,20.45,368.71,182.37,58.28,8.16,261
Delhi,60.81,357.24,128.61,62.96,6.1,148
Bangalore,261.36,257.66,19.02,51.56,9.5,200
Delhi,91.92,327.14,182.26,82.08,3.46,482
Bangalore,285.63,46.23,191.76,86.38,1.17,284
Hyderabad,178.67,147.22,20.15,62.33,5.11,230
Mumbai,136.62,139.21,108.81,3.25,0.95,285
Delhi,178.23,261.55,64.16,70.13,9.7,401
Mumbai,159.84,155.26,81.6,42.96,0.48,203
Bangalore,230.05,76.43,40.03,57.42,7.56,130
Delhi,91.92,246.66,117.72,65.61,5.3,313
Chennai,112.38,329.47,191.81,36.32,3.75,349
Mumbai,269.29,165.21,103.1,91.88,0.75,371
Delhi,284.47,70.26,21.17,15.13,6.26,447
Mumbai,268.84,94.74,125.9,67.81,5.89,217
Delhi,131.64,110.24,71.34,2.43,2.88,84
Hyderabad,236.31,133.96,171.91,92.62,9.11,481
Mumbai,148.14,264.26,89.76,13.03,3.11,246
Chennai,154.29,248.36,42.6,11.3,4.55,330
Chennai,69.36,284.51,42.27,34.63,5.48,350
Bangalore,181.43,157.75,154.91,38.61,1.09,296
Delhi,63.98,333.12,56.79,23.0,9.33,142
Mumbai,106.15,97.55,154.61,59.34,3.81,390
Bangalore,257.96,198.24,45.15,45.41,0.9,412
Mumbai,70.05,324.36,67.73,5.35,3.93,299
Delhi,30.64,88.46,95.77,33.33,6.04,270
Chennai,30.01,61.75,188.92,81.42,5.19,101
Hyderabad,282.83,355.8,186.69,69.59,6.98,88
Chennai,157.01,150.31,45.34,73.04,0.65,203
Bangalore,128.73,279.87,74.85,70.42,2.92,190
Hyderabad,245.15,29.63,34.13,32.48,8.21,479
Bangalore,252.39,282.22,104.45,11.77,0.89,403
Delhi,106.34,140.12,94.81,28.7,8.57,347
Hyderabad,211.15,41.18,180.65,83.51,1.01,283
Bangalore,233.63,251.73,186.35,98.09,8.36,125
Delhi,199.85,111.51,79.8,50.4,3.67,490
Chennai,53.96,166.99,100.89,2.95,6.16,219
Delhi,264.01,50.62,179.77,15.72,1.61,98
Mumbai,166.34,75.92,162.31,33.56,0.76,272
Delhi,91.92,133.23,5.71,58.7,2.24,443
Delhi,133.32,54.11,67.41,9.36,1.37,449
Mumbai,20.9,366.11,87.25,94.45,3.19,55
Bangalore,47.08,22.3,49.79,37.78,5.19,449
Bangalore,232.01,203.87,43.92,91.43,5.93,172
Delhi,10.0,66.83,12.37,78.49,7.92,68
Mumbai,130.8,136.92,130.46,76.03,6.6,432
Mumbai,161.53,371.9,56.19,61.46,6.13,439
Chennai,25.84,81.44,15.21,63.42,4.18,318
Bangalore,292.19,387.02,50.04,64.52,4.79,308
Hyderabad,75.58,98.2,161.37,63.61,4.2,416
Bangalore,98.22,301.8,171.04,56.27,8.44,404
Bangalore,98.14,227.74,99.2,98.67,2.38,451
Chennai,76.82,356.1,86.13,73.76,0.16,299
Hyderabad,10.43,230.52,195.68,78.14,6.55,485
Chennai,221.51,223.13,44.11,87.5,2.1,498
Hyderabad,290.39,94.27,47.0,23.13,8.91,102
Delhi,75.05,83.17,61.91,10.21,8.6,432
Hyderabad,202.28,368.27,38.69,49.32,0.86,275
Chennai,225.15,144.58,78.98,52.38,1.15,224
Bangalore,256.04,161.39,182.61,83.26,5.0,326
Hyderabad,132.56,308.73,124.99,45.49,6.13,75
Hyderabad,97.85,148.75,85.33,57.94,2.82,278
Mumbai,104.34,381.78,187.21,53.65,7.2,442
Bangalore,216.66,300.41,14.45,5.74,5.99,146
Delhi,246.87,247.02,46.0,62.29,3.32,242
Chennai,62.67,354.74,115.35,83.15,0.35,473
Delhi,117.57,38.85,125.03,17.44,7.53,243
Bangalore,271.56,117.68,12.71,60.24,2.23,211
Hyderabad,243.94,196.71,83.59,60.17,8.36,248
Hyderabad,295.61,106.25,131.59,18.09,4.26,284
Bangalore,228.73,302.68,141.12,14.1,5.81,334
Hyderabad,124.03,369.3,129.44,98.05,8.74,410
Hyderabad,181.28,181.03,67.51,40.58,8.65,253
Hyderabad,201.69,150.01,23.24,24.29,3.78,418
Chennai,32.75,385.39,88.29,18.79,2.17,290
Chennai,167.9,189.04,30.11,67.42,7.77,202
Mumbai,215.7,205.84,189.79,61.73,4.39,346
Delhi,58.52,153.63,97.66,65.07,2.0,373
Bangalore,236.38,365.63,66.87,10.62,9.05,301
Bangalore,179.29,236.2,154.43,89.57,2.06,75
Bangalore,286.14,309.63,102.1,40.15,0.36,126
Mumbai,22.3,328.49,65.46,32.71,0.3,178
Chennai,86.94,149.9,163.33,47.31,6.26,177
Mumbai,184.45,184.8,174.09,40.23,6.65,353
Bangalore,96.0,342.42,136.24,86.63,3.18,58
Delhi,217.18,158.04,14.16,93.07,3.27,390
Hyderabad,230.11,321.7,115.43,31.74,3.46,169
Chennai,39.73,377.58,153.84,86.67,6.83,190
Chennai,159.02,256.82,31.62,78.59,0.68,288
Mumbai,157.58,301.82,49.59,93.22,9.3,147
Chennai,117.09,325.94,177.09,26.08,2.3,448
Bangalore,280.55,341.12,8.92,58.54,10.0,88
Bangalore,249.98,170.12,151.78,28.91,1.8,250
Mumbai,212.19,39.48,97.39,82.76,7.74,432
Bangalore,217.15,172.71,92.12,2.52,2.31,327
Delhi,143.9,276.03,6.38,57.35,0.9,182
Mumbai,277.09,191.13,164.78,35.24,8.76,239
Delhi,211.43,304.61,75.17,33.62,8.6,368
Hyderabad,221.4,155.65,110.45,65.2,4.1,488
Delhi,259.89,261.2,137.07,85.45,7.05,452
Hyderabad,89.48,90.84,142.01,61.7,5.61,204
Hyderabad,244.05,304.76,191.42,85.61,8.54,499
Delhi,66.62,227.36,108.61,27.93,3.22,52
Mumbai,110.15,97.54,82.95,52.91,5.28,62
Bangalore,107.33,130.93,190.97,46.15,4.91,421
Bangalore,293.77,304.47,130.21,3.14,3.6,140
Hyderabad,258.4,203.39,63.14,56.57,8.93,77
Hyderabad,213.34,102.09,29.66,66.83,1.74,157
Mumbai,220.85,387.56,169.3,60.01,1.58,242
Chennai,173.0,291.75,75.63,74.16,5.81,379
Delhi,284.66,383.71,133.79,57.99,6.61,331
Hyderabad,153.92,182.3,96.81,8.54,2.03,157
Bangalore,120.35,200.54,43.79,13.41,3.97,276
Mumbai,57.28,361.22,122.33,60.45,9.47,467
Delhi,238.0,219.52,16.83,28.95,2.54,417
Mumbai,222.99,288.77,85.6,9.81,6.72,195
Delhi,121.46,115.83,111.59,44.1,7.43,492
Delhi,17.31,189.76,90.03,56.32,4.54,369
Hyderabad,253.31,66.91,150.99,34.22,9.38,78
Mumbai,13.31,98.27,166.45,72.6,7.39,66
Mumbai,214.07,20.36,155.39,65.09,4.63,126
Bangalore,291.37,34.92,12.57,34.62,5.74,378
Bangalore,136.92,391.37,42.86,75.98,6.96,133
Hyderabad,78.14,112.09,109.64,65.57,5.96,280
Hyderabad,214.41,272.06,187.29,64.47,8.8,92
Chennai,246.97,338.86,167.82,56.24,3.63,464
Bangalore,168.46,229.25,169.29,3.12,3.07,205
Delhi,290.44,78.19,64.13,70.26,2.22,459
Mumbai,24.98,296.68,88.74,38.85,0.47,475
Hyderabad,156.39,248.1,96.79,94.38,0.53,53
Mumbai,218.35,297.88,35.69,82.16,8.71,259
Mumbai,260.17,312.5,11.06,59.59,6.82,61
Chennai,61.98,390.66,189.65,26.71,6.64,459
Bangalore,242.0,237.95,51.94,21.96,6.18,283
Hyderabad,170.29,149.82,51.79,35.36,8.51,84
Mumbai,125.0,266.42,21.26,48.7,4.85,100
Hyderabad,48.2,46.01,186.06,31.01,8.72,223
Delhi,260.94,361.01,118.05,52.46,3.66,473
Chennai,55.61,65.36,135.07,18.21,9.27,362
Delhi,99.84,144.58,182.76,97.82,7.02,440
Hyderabad,94.11,329.98,72.4,12.58,2.65,215
Hyderabad,262.71,246.98,126.19,93.33,5.68,69
Bangalore,205.08,169.58,12.57,91.53,5.38,488
Mumbai,241.04,199.91,41.42,53.49,1.47,58
Mumbai,82.64,344.73,167.09,73.04,5.95,476
Delhi,191.21,149.2,154.52,44.73,3.22,216
Chennai,175.81,350.47,73.38,63.74,0.62,55
Mumbai,251.52,53.49,78.48,35.38,9.49,360
Bangalore,272.77,315.18,109.04,31.51,6.45,491
Delhi,13.53,342.07,5.05,58.67,8.78,485
Delhi,205.47,89.09,52.04,50.82,6.79,122
Bangalore,25.03,183.53,45.61,58.79,3.63,132
Chennai,169.17,82.89,53.84,30.09,5.18,304
Bangalore,93.41,288.51,162.15,37.96,6.79,337
Chennai,98.97,223.43,59.54,10.22,9.61,383
Bangalore,112.36,261.42,42.35,7.12,2.61,131
Bangalore,190.17,94.67,103.33,26.84,8.76,482
Hyderabad,106.87,100.46,173.8,9.28,9.25,337
Delhi,222.48,35.77,52.06,12.17,6.74,431
Bangalore,127.31,142.39,20.31,81.67,9.32,293
Bangalore,29.82,232.7,74.5,5.81,4.04,236
Mumbai,237.29,346.02,150.79,66.58,9.53,490
Delhi,92.87,273.43,112.38,28.71,7.06,312
Mumbai,135.5,185.45,164.27,87.41,0.52,440
Delhi,208.78,382.19,192.12,49.53,9.08,479
Mumbai,106.41,293.31,159.57,31.95,4.9,354
Bangalore,26.41,373.46,122.74,52.73,4.66,297
Bangalore,118.44,220.48,101.2,39.43,5.71,52
Hyderabad,283.89,118.38,12.81,57.3,1.58,68
Mumbai,196.1,40.07,196.94,13.22,4.74,140
Chennai,204.73,295.91,79.78,99.71,8.33,134
Hyderabad,193.36,66.1,34.68,43.7,0.25,165
Mumbai,67.71,135.05,135.01,36.13,2.8,187
Mumbai,131.32,222.34,60.44,71.6,0.12,212
Hyderabad,227.77,234.48,119.23,37.66,4.22,239
Bangalore,39.4,248.22,119.42,83.66,7.31,94
Mumbai,90.58,83.18,91.92,46.52,8.01,69
Bangalore,90.13,164.3,168.04,72.52,9.46,353
Hyderabad,135.29,254.53,56.67,12.53,6.12,292
Bangalore,294.31,388.53,92.48,84.92,2.62,250
Delhi,29.58,296.5,109.85,74.1,9.25,335
Chennai,160.42,370.59,134.41,22.75,7.78,422
Mumbai,62.02,309.64,157.87,16.24,5.79,242
Chennai,291.5,244.85,81.99,33.0,6.99,339
Bangalore,42.86,92.97,130.98,97.65,9.25,479
Mumbai,127.04,273.34,34.37,27.17,7.15,428
Bangalore,223.99,256.88,186.87,46.7,3.75,242
Delhi,214.32,248.94,79.7,4.94,7.16,340
Hyderabad,132.59,206.12,147.26,40.93,0.5,130
Mumbai,110.49,220.89,8.97,57.99,3.93,302
Delhi,125.31,147.09,45.01,95.41,4.12,492
Delhi,86.64,217.34,99.98,52.64,1.75,283
Mumbai,69.55,95.07,176.26,82.27,0.33,467
Bangalore,150.08,325.97,107.81,55.62,1.42,233
Delhi,87.87,90.6,186.32,6.0,6.58,499
Chennai,93.36,52.29,99.34,32.87,8.04,311
Delhi,200.46,185.77,100.64,58.4,9.88,69
Bangalore,290.88,270.16,28.35,95.16,3.53,314
Bangalore,185.05,186.33,161.52,86.19,6.03,174
Chennai,32.32,125.17,53.16,24.38,9.38,65
Delhi,31.92,232.11,180.42,23.57,1.75,419
Bangalore,285.91,151.86,182.61,21.71,7.2,174
Mumbai,96.21,374.49,188.95,92.4,7.57,408
Hyderabad,36.7,370.61,106.44,85.56,0.98,180
Hyderabad,183.72,210.9,137.03,77.94,8.63,137
Hyderabad,190.86,144.6,156.81,40.49,8.15,488
Delhi,198.07,300.11,30.55,51.43,0.43,213
Chennai,87.55,33.95,122.19,47.5,1.0,321
Bangalore,14.38,200.41,11.69,26.83,0.59,324
Mumbai,289.85,147.8,102.03,51.49,3.41,302
Mumbai,82.76,369.8,35.19,4.99,5.14,462
Delhi,206.05,24.56,40.67,14.92,5.37,353
Hyderabad,214.92,230.07,76.18,88.89,2.75,232
Delhi,186.9,301.45,89.33,75.66,9.12,438
Chennai,100.74,204.31,126.52,43.44,3.75,131
Chennai,88.62,52.45,19.51,52.68,0.55,295
Bangalore,183.32,389.54,103.22,38.26,3.07,478
Bangalore,261.17,216.84,40.61,74.6,5.36,331
Chennai,284.55,253.39,116.93,78.85,4.14,418
Chennai,40.71,109.91,129.29,76.8,2.81,344
Chennai,54.9,203.73,113.56,72.82,1.4,428
Delhi,283.97,183.08,148.97,22.04,8.21,475
Chennai,223.6,48.46,70.44,35.12,9.96,173
Mumbai,266.07,60.34,154.2,48.04,3.36,126
Hyderabad,68.76,338.24,89.39,34.42,3.88,268
Chennai,180.4,111.13,99.42,75.98,6.22,366
Hyderabad,213.33,94.08,131.38,34.28,7.21,152
Delhi,207.23,211.87,8.58,15.55,3.98,52
Hyderabad,128.36,312.12,132.53,41.11,9.06,204
Delhi,14.46,43.54,125.62,98.03,5.64,486
Mumbai,179.05,239.19,65.42,24.14,4.56,363
Delhi,83.4,65.3,21.73,61.99,6.5,231
Delhi,140.57,33.86,22.73,44.43,9.53,137
Bangalore,287.7,40.04,185.03,8.96,7.97,210
Chennai,125.72,336.98,139.41,49.81,0.5,126
Chennai,253.54,64.83,29.79,70.81,3.39,98
Mumbai,64.68,37.16,74.56,52.3,4.76,458
Mumbai,205.01,186.4,120.53,87.47,3.21,499
Chennai,293.33,340.72,167.94,30.32,7.03,124
Bangalore,39.55,119.72,13.51,10.45,8.28,75
Chennai,12.41,180.25,51.14,93.78,7.34,198
Bangalore,135.74,35.17,178.5,39.06,9.89,258
Mumbai,36.86,190.65,6.79,58.49,2.8,142
Hyderabad,227.03,239.49,44.27,79.62,8.76,186
Mumbai,275.22,236.94,192.01,33.78,7.69,140
Mumbai,135.87,146.32,124.61,72.18,3.69,398
Delhi,85.03,139.9,56.03,15.27,7.37,371
Delhi,135.98,60.52,18.06,30.55,1.13,336
Delhi,219.8,159.38,10.5,16.18,7.91,224
Delhi,12.63,57.81,52.73,81.5,5.37,459
Bangalore,180.94,311.31,176.89,23.82,2.99,486
Chennai,187.85,387.18,86.1,72.31,6.59,128
Hyderabad,194.93,388.63,145.47,94.44,6.45,150
Mumbai,80.19,348.73,184.07,53.72,2.17,287
Bangalore,217.08,248.3,84.57,54.92,0.4,91
Hyderabad,36.5,286.33,42.3,47.18,4.39,246
Bangalore,67.79,128.38,105.84,33.94,5.74,312
Bangalore,264.47,259.69,182.08,48.61,8.78,285
Mumbai,224.23,193.15,161.85,61.08,9.29,199
Chennai,13.99,203.17,17.84,98.63,5.34,294
Delhi,82.03,307.96,140.05,93.9,7.56,481
Chennai,72.18,127.13,116.52,86.49,4.45,143
Mumbai,88.53,140.86,181.96,89.13,7.49,345
Mumbai,81.79,371.36,28.88,47.85,2.13,70
Mumbai,28.13,41.37,109.14,66.43,3.77,80
Hyderabad,143.09,204.54,176.5,89.72,6.38,298
Chennai,222.49,366.86,84.95,40.51,0.28,97
Chennai,185.95,251.94,98.99,96.25,7.25,60
Bangalore,205.13,227.63,18.74,42.75,8.37,127
Bangalore,33.53,114.9,59.24,60.91,4.05,304
Bangalore,285.93,150.44,68.28,71.56,4.53,367
Mumbai,253.16,343.78,189.3,95.16,8.53,141
Chennai,243.48,232.5,60.12,25.97,7.78,351
Mumbai,248.67,215.6,94.87,75.12,2.95,132
Hyderabad,280.49,57.84,135.9,53.04,3.31,326
Bangalore,167.83,26.09,36.63,28.32,6.82,235
Mumbai,68.08,386.2,99.86,78.11,5.68,344
Mumbai,188.87,163.25,149.02,56.12,1.71,498
Hyderabad,225.44,249.22,174.04,66.78,3.17,472
Delhi,224.0,50.29,127.12,33.64,9.01,52
Chennai,161.22,279.58,135.47,49.16,6.91,448
Delhi,29.85,374.38,29.63,62.5,9.86,80
Bangalore,117.62,238.75,189.43,41.68,7.69,479
Mumbai,277.02,67.92,30.85,21.44,9.43,177
Hyderabad,179.49,241.05,156.06,96.24,2.24,222
Hyderabad,166.12,311.21,56.64,52.12,7.74,91
Chennai,87.97,174.44,187.05,73.92,0.3,101
Delhi,116.85,354.34,145.39,42.28,6.74,377
Chennai,269.65,266.5,151.99,36.8,4.75,475
Mumbai,203.27,361.71,47.72,41.9,3.53,325
Chennai,238.34,256.93,91.39,42.1,8.64,372
Hyderabad,141.76,69.89,125.47,55.33,8.56,393
Hyderabad,192.77,137.68,155.14,55.26,0.32,168
Bangalore,82.03,96.68,25.27,50.72,6.13,70
Bangalore,214.58,365.35,192.66,15.21,3.74,51
Mumbai,134.0,308.95,178.59,50.62,4.22,208
Delhi,138.34,277.03,57.72,18.57,8.34,159
Chennai,198.3,134.37,165.44,14.36,3.17,78
Mumbai,281.52,89.94,106.07,93.4,9.44,131
Bangalore,28.56,307.45,95.05,61.29,1.88,106
Chennai,249.18,200.18,66.31,66.63,6.66,462
Bangalore,94.79,105.8,118.29,41.38,6.75,113
Chennai,138.74,254.32,147.33,91.08,2.6,292
Delhi,16.35,35.33,85.13,64.52,3.32,317
Mumbai,97.3,143.94,127.7,77.38,8.36,295
Chennai,155.76,198.05,141.37,38.12,7.64,95
Hyderabad,26.29,76.22,143.67,96.08,3.36,193
Hyderabad,152.42,394.17,15.13,82.41,5.39,73
Chennai,278.86,99.46,172.65,85.69,0.71,228
Chennai,40.56,69.53,94.36,18.88,2.17,135
Chennai,231.69,97.34,56.17,28.55,4.91,303
Hyderabad,128.8,312.24,52.14,29.99,0.95,362
Hyderabad,200.0,181.69,99.19,28.55,8.45,289
Chennai,85.47,234.86,177.93,85.83,7.21,245
Bangalore,56.25,27.98,78.78,5.12,9.44,224
Bangalore,56.53,33.08,151.2,9.46,6.97,429
Delhi,30.44,189.41,23.88,28.84,9.41,149
Mumbai,63.84,330.33,97.83,21.59,5.59,380
Bangalore,202.62,356.39,198.38,24.72,6.04,391
Hyderabad,265.69,52.95,155.24,80.2,9.77,239
Bangalore,246.1,224.58,46.05,57.19,6.46,184
Delhi,208.69,367.03,102.78,2.57,0.4,262
Delhi,42.03,167.43,50.56,44.07,7.27,92
Mumbai,93.86,335.24,84.86,41.97,9.06,71
Bangalore,99.84,70.8,157.12,13.17,7.98,100
Hyderabad,82.49,375.45,155.39,68.26,5.88,134
Hyderabad,159.35,305.54,49.48,70.81,6.75,277
Chennai,165.31,377.71,184.83,72.65,9.9,432
Hyderabad,113.5,277.11,120.55,73.39,1.0,156
Mumbai,112.6,158.09,79.09,2.01,6.71,471
Mumbai,250.28,376.51,102.88,95.48,2.91,480
Hyderabad,238.89,124.72,122.99,81.79,6.44,482
Hyderabad,99.26,146.23,114.18,90.59,6.12,427
Chennai,275.0,286.31,99.85,3.53,1.62,214
Hyderabad,286.32,310.82,103.46,93.52,2.15,83
Chennai,104.76,373.17,39.4,81.36,6.25,306
Chennai,112.78,97.82,163.48,84.05,1.37,301
Hyderabad,156.63,323.24,110.64,11.14,2.73,432
Delhi,282.93,300.65,30.56,74.4,8.37,498
Delhi,264.13,44.24,154.4,96.07,3.34,279
Chennai,39.74,167.14,186.83,68.5,4.93,205
Hyderabad,123.89,127.45,189.72,57.92,9.42,134
Delhi,170.48,135.71,76.96,94.67,2.35,52
Hyderabad,155.91,393.52,31.43,45.41,3.96,279
Hyderabad,66.22,264.26,106.09,60.73,6.1,300
Hyderabad,259.06,292.72,26.96,48.68,7.58,421
Bangalore,206.31,391.11,187.13,93.42,9.03,277
Hyderabad,252.99,163.34,40.8,9.46,9.16,462
Bangalore,259.04,324.7,54.29,51.11,7.79,333
Chennai,227.02,185.12,84.29,69.32,2.36,428
Delhi,137.37,350.42,79.72,79.61,0.35,117
Delhi,187.06,88.65,159.96,59.14,3.9,435
Delhi,56.51,380.12,93.98,91.07,1.5,354
Delhi,205.36,103.13,38.3,94.32,7.13,127
Delhi,61.98,143.96,57.11,8.3,6.65,135
Delhi,211.25,307.35,104.28,41.43,0.54,467
Delhi,76.58,169.63,33.75,4.3,8.38,64
Chennai,44.09,251.12,124.27,34.28,2.56,258
Hyderabad,57.93,188.94,115.32,54.61,4.38,191
Mumbai,10.58,302.1,144.37,91.26,6.71,349
Bangalore,218.43,106.77,187.85,84.96,4.35,428
Mumbai,222.4,42.21,182.89,14.49,4.47,212
Mumbai,159.33,133.97,189.48,11.12,0.75,242
Hyderabad,56.8,200.24,52.72,59.75,4.07,492
Hyderabad,34.23,83.85,30.66,54.15,7.67,403
Hyderabad,15.55,154.82,63.94,28.11,9.16,454
Delhi,58.07,171.99,179.54,90.15,4.19,247
Chennai,268.35,41.81,194.55,92.88,4.29,155
Delhi,80.05,241.66,172.57,41.46,7.06,235
Chennai,112.74,356.05,26.45,89.25,9.43,372
Chennai,40.55,77.66,189.75,39.63,2.74,99
Mumbai,74.48,247.17,87.55,74.21,4.46,172
Mumbai,160.58,272.6,6.82,48.64,7.98,71
Chennai,186.25,179.35,91.27,14.01,6.14,245
Chennai,81.15,286.42,13.98,92.94,1.19,422
Delhi,26.74,176.08,111.06,46.5,6.31,61
Delhi,123.4,211.76,71.02,73.98,1.95,354
Mumbai,77.92,22.79,97.32,37.98,5.15,470
Hyderabad,73.67,282.85,124.57,3.85,5.34,157
Chennai,288.36,271.31,174.42,11.85,8.77,362
Delhi,188.73,34.59,134.07,50.63,4.68,489
Mumbai,171.49,159.94,89.64,69.62,2.87,483
Delhi,130.57,392.03,164.79,34.8,2.39,156
Chennai,134.39,179.88,181.59,70.16,8.76,95
Chennai,166.86,210.74,28.35,70.47,1.79,117
Bangalore,211.96,365.77,108.73,70.99,4.32,366
Hyderabad,213.62,292.56,60.48,50.27,1.95,377
Bangalore,59.79,241.19,14.18,91.66,7.76,353
Mumbai,155.03,323.17,135.37,49.94,4.8,201
Delhi,129.47,348.46,173.24,46.13,3.58,126
Mumbai,262.45,193.62,36.77,21.54,3.67,311
Chennai,193.11,200.54,163.42,32.15,8.54,268
Bangalore,164.43,166.7,171.41,6.15,5.58,378
Bangalore,43.46,387.35,183.3,64.09,7.21,249
Bangalore,185.63,284.92,56.73,26.36,8.98,202
Mumbai,43.99,51.62,181.27,31.81,9.03,182
Chennai,107.79,347.92,67.53,77.54,3.35,145
Delhi,51.42,202.61,112.71,34.07,9.53,170
Delhi,210.7,46.13,14.85,25.74,0.35,93
Mumbai,69.81,228.89,13.56,18.57,3.83,206
Bangalore,123.64,178.52,145.47,77.94,8.97,66
Hyderabad,269.75,353.54,91.67,14.71,2.82,134
Mumbai,69.25,97.52,54.98,46.47,2.8,386
Mumbai,157.26,334.06,42.13,51.68,3.1,196
Chennai,131.59,231.92,135.64,69.36,6.16,351
Delhi,15.26,40.75,5.08,64.06,4.44,373
Mumbai,239.9,389.3,162.15,81.45,7.29,312
Mumbai,30.02,214.79,20.45,6.39,8.96,481
Bangalore,147.53,130.53,42.34,31.05,6.77,60
Bangalore,172.6,198.37,80.32,29.45,2.12,382
Hyderabad,192.24,345.99,99.55,16.31,9.33,481
Chennai,209.7,135.86,74.22,30.34,2.72,438
Hyderabad,83.45,93.22,67.54,32.36,1.58,126
Bangalore,12.89,69.05,192.96,53.14,0.99,197
Delhi,219.8,133.19,130.11,67.04,5.68,128
Bangalore,165.34,316.42,9.57,39.35,1.23,321
Chennai,252.47,199.22,88.88,72.51,1.47,370
Bangalore,248.2,106.44,175.63,34.94,3.07,193
Chennai,254.56,83.15,63.78,30.45,2.89,293
Chennai,150.68,146.44,23.44,55.04,6.08,361
Chennai,106.75,377.17,152.89,4.32,8.19,240
Chennai,239.55,150.35,123.17,9.82,7.64,434
Chennai,140.88,395.49,116.21,42.96,2.7,397
Delhi,63.2,204.39,15.45,94.41,2.53,79
Hyderabad,257.94,88.08,32.4,72.71,9.66,330
Mumbai,265.94,358.63,126.4,10.64,0.18,156
Hyderabad,145.23,194.94,45.53,84.94,8.81,301
Chennai,31.95,289.68,103.29,73.77,2.08,481
Delhi,122.47,393.81,111.25,61.87,9.48,446
Bangalore,243.03,39.07,60.28,82.39,3.49,232
Delhi,271.51,56.74,189.94,41.6,4.46,181
Chennai,69.01,293.77,169.28,23.71,7.1,155
Delhi,29.42,127.09,145.86,52.18,5.92,290
Delhi,264.43,90.03,20.21,55.79,3.25,101
Chennai,122.93,34.96,25.7,54.76,5.58,297
Delhi,167.11,28.3,101.09,57.38,7.33,51
Mumbai,290.74,314.3,36.34,94.97,0.52,196
Mumbai,29.3,71.08,195.76,90.42,0.21,149
Delhi,198.01,197.73,35.91,87.82,4.63,487
Bangalore,31.49,250.24,100.06,80.54,1.41,377
Chennai,118.89,182.77,76.0,94.46,6.68,207
Mumbai,243.11,30.3,129.68,11.65,2.22,92
Bangalore,135.71,317.73,30.16,27.98,4.39,283
Delhi,299.18,24.0,88.91,50.52,2.06,146
Bangalore,172.13,309.52,58.57,84.96,5.53,291
Hyderabad,103.14,359.46,178.11,51.51,1.25,426
Mumbai,73.83,184.48,12.91,75.31,0.33,327
Delhi,111.65,223.51,183.18,15.62,0.61,335
Chennai,118.03,201.25,167.43,26.74,9.55,293
Delhi,29.93,167.9,63.03,73.71,1.51,467
Chennai,117.18,357.22,158.91,18.14,7.11,469
Delhi,144.63,359.69,11.09,36.43,0.77,281
Bangalore,219.59,147.61,193.54,27.96,1.17,188
Bangalore,200.45,253.73,107.69,36.29,5.14,257
Bangalore,215.54,372.22,64.14,71.42,4.7,134
Hyderabad,12.43,385.58,75.7,38.05,9.52,336
Chennai,73.12,213.4,17.95,56.42,9.45,275
Bangalore,201.89,192.07,197.92,11.79,7.82,96
Hyderabad,150.36,125.9,12.66,80.89,6.06,139
Chennai,11.54,384.37,132.71,38.25,4.6,266
Delhi,243.3,74.27,91.33,65.56,3.63,449
Hyderabad,234.11,240.34,190.04,73.09,9.48,305
Mumbai,169.04,127.37,52.97,22.55,6.07,357
Hyderabad,29.27,126.02,108.76,88.7,5.83,203
Hyderabad,232.29,173.89,99.06,62.39,2.4,307
Chennai,179.28,399.54,142.06,44.02,0.56,251
Delhi,236.77,40.89,18.26,19.87,9.46,347
Mumbai,228.01,239.85,42.79,94.35,3.21,73
Bangalore,242.87,51.38,46.84,76.0,4.48,272
Bangalore,160.22,78.72,148.94,22.39,1.23,183
Hyderabad,50.69,187.03,41.88,35.1,8.39,197
Chennai,204.64,213.97,116.83,81.35,0.37,482
Chennai,189.94,118.34,46.97,70.18,8.36,132
Bangalore,225.25,140.25,173.02,77.05,1.49,190
Mumbai,59.27,53.05,188.73,45.24,8.88,279
Delhi,66.54,135.22,106.11,72.21,7.32,438
Mumbai,268.22,387.29,73.7,39.88,1.73,238
Delhi,227.49,378.99,50.64,22.7,5.7,385
Bangalore,273.39,147.25,14.71,64.0,3.2,435
Delhi,230.03,236.92,57.36,97.65,1.86,190
Chennai,183.18,365.65,132.58,32.44,8.61,227
Hyderabad,199.7,22.35,109.06,47.18,4.09,210
Hyderabad,267.85,328.06,189.09,68.05,4.05,425
Bangalore,177.85,380.38,82.27,55.07,1.78,70
Chennai,193.39,54.7,140.3,84.66,3.89,189
Mumbai,55.38,81.35,100.42,76.65,8.73,356
Chennai,147.44,385.08,104.95,7.71,3.69,304
Hyderabad,217.76,224.27,57.22,99.85,9.52,246
Hyderabad,88.57,25.39,93.72,75.74,9.47,293
Chennai,68.65,117.9,96.8,86.66,1.53,139
Chennai,101.01,190.98,142.8,65.82,1.86,244
Hyderabad,80.04,283.31,188.42,85.92,8.64,276
Mumbai,72.32,298.6,69.22,13.01,3.99,456
Bangalore,133.21,398.26,13.23,36.08,0.14,167
Bangalore,273.27,129.25,101.78,87.89,2.81,441
Chennai,157.05,224.52,111.17,21.76,6.02,340
Bangalore,64.5,222.66,37.85,9.67,8.01,59
Hyderabad,32.32,174.15,153.29,79.24,1.42,376
Hyderabad,211.89,84.28,197.06,83.88,1.19,66
Chennai,121.01,391.43,189.43,17.94,9.23,499
Chennai,248.33,344.26,43.44,85.73,7.54,443
Chennai,201.26,209.37,175.7,69.3,5.94,184
Mumbai,240.91,249.23,142.38,52.97,7.71,166
Bangalore,88.86,106.36,93.5,83.36,4.35,222
Chennai,210.78,226.64,110.42,43.09,7.61,210
Delhi,86.58,284.09,170.67,21.01,3.78,218
Delhi,282.33,215.76,98.63,29.92,2.52,193
Hyderabad,194.55,396.31,77.78,51.51,7.32,330
Bangalore,104.11,252.31,101.18,54.07,4.25,124
Chennai,88.16,160.97,117.93,80.95,9.82,431
Delhi,65.37,313.42,41.87,79.55,3.56,416
Bangalore,211.45,84.78,180.68,58.97,9.23,264
Hyderabad,73.43,166.12,136.47,78.52,9.34,434
Mumbai,182.64,151.84,128.49,20.79,2.49,161
Bangalore,86.74,184.09,24.4,6.91,8.0,58
Bangalore,201.97,317.08,122.81,87.62,4.39,329
Mumbai,246.33,203.99,28.59,9.4,9.18,256
Bangalore,235.63,321.73,20.35,26.18,4.56,305
Hyderabad,230.65,239.07,107.83,70.14,7.47,455
Hyderabad,64.44,149.99,83.54,42.13,4.72,486
Mumbai,35.63,327.79,119.82,87.88,2.36,336
Chennai,212.7,110.55,22.4,31.2,2.07,394
Delhi,116.82,105.27,89.04,3.16,4.31,88
Chennai,135.38,211.71,39.08,31.46,7.58,122
Bangalore,19.03,119.12,197.48,58.65,6.09,380
Delhi,85.28,23.45,114.42,38.84,6.92,244
Mumbai,19.77,266.35,139.05,54.42,2.9,251
Mumbai,264.96,214.22,68.46,87.91,4.87,189
Delhi,80.59,189.3,23.47,91.42,0.54,323
Hyderabad,171.63,387.45,195.29,28.07,8.19,133
Delhi,21.3,237.06,60.82,47.29,9.9,332
Bangalore,203.39,348.1,87.64,55.82,4.13,128
Hyderabad,103.68,72.99,131.72,95.01,0.21,79
Mumbai,270.4,236.3,9.82,99.86,1.78,199
Delhi,267.55,349.83,163.0,25.07,6.56,154
Chennai,104.33,241.58,109.63,73.24,6.16,450
Chennai,271.28,292.85,59.25,39.05,7.9,75
Bangalore,298.89,161.38,17.01,2.79,2.61,129
Chennai,249.37,55.13,36.69,2.91,7.66,297
Delhi,255.01,194.0,179.53,47.14,6.91,266
Delhi,82.21,169.9,138.77,49.86,3.3,71
Chennai,177.24,349.48,53.73,4.21,5.5,53
Delhi,29.5,112.72,17.79,69.32,1.56,495
Bangalore,37.53,387.36,139.67,30.81,4.58,346
Hyderabad,299.68,384.09,116.62,56.87,8.82,214
Bangalore,104.73,114.1,83.88,31.49,4.27,262
Bangalore,226.97,152.26,75.9,18.38,8.41,170
Delhi,243.93,360.31,47.28,41.9,5.94,205
Hyderabad,258.83,387.32,135.57,24.76,2.0,342
Delhi,299.31,188.51,194.28,54.41,5.85,447
Mumbai,80.03,141.98,39.26,21.49,5.11,133
Delhi,21.7,219.92,121.44,51.82,4.05,428
Delhi,129.25,281.35,87.72,17.42,1.28,105
Delhi,47.72,123.92,92.1,67.76,4.23,147
Hyderabad,16.5,299.86,54.56,75.89,0.82,67
Delhi,114.52,39.63,165.9,12.82,1.08,113
Hyderabad,237.28,38.73,99.62,47.84,4.22,463
Chennai,174.19,166.79,110.96,8.95,3.12,257
Mumbai,100.71,154.32,64.43,60.62,9.26,85
Hyderabad,199.76,139.94,40.45,27.91,3.82,482
Chennai,77.29,206.59,21.75,53.71,7.6,446
Hyderabad,14.17,141.88,144.25,52.71,5.35,390
Hyderabad,231.66,93.06,43.27,92.59,7.07,470
Mumbai,190.89,137.6,139.56,55.81,2.68,149
Bangalore,231.07,390.46,81.12,59.13,9.42,426
Bangalore,21.29,176.22,86.08,41.36,5.35,360
Hyderabad,252.76,188.99,96.49,95.01,8.33,441
Delhi,189.66,239.09,76.7,78.16,3.71,409
Chennai,173.38,393.67,24.62,29.97,1.09,206
Delhi,191.14,111.81,65.38,84.73,6.77,398
Delhi,260.69,278.89,134.43,44.37,0.18,168
Hyderabad,180.21,292.07,134.83,83.21,4.81,198
Hyderabad,178.48,250.78,60.81,82.64,2.01,99
Hyderabad,297.3,53.66,94.72,20.51,6.31,471
Hyderabad,229.45,277.21,42.72,70.71,9.8,181
Bangalore,138.27,44.36,46.02,30.48,4.7,284
Hyderabad,215.15,246.53,9.49,31.15,8.19,226
Bangalore,122.88,301.04,179.87,31.04,5.13,482
Bangalore,76.37,100.17,46.09,73.11,5.01,201
Hyderabad,183.09,339.82,49.37,24.52,9.31,400
Mumbai,279.17,31.53,59.52,2.09,8.91,435
Chennai,279.45,340.65,29.84,72.09,7.88,246
Delhi,109.15,194.93,129.66,18.78,3.03,220
Bangalore,163.03,102.68,19.65,12.24,5.5,386
Chennai,71.37,70.84,31.17,25.28,2.32,461
Mumbai,298.73,382.26,130.73,39.23,4.49,390
Delhi,294.52,47.61,71.23,48.64,4.89,152
Delhi,198.36,95.66,143.05,6.37,8.33,450
Bangalore,243.28,152.17,113.7,97.12,8.97,224
Hyderabad,217.38,255.69,54.92,72.17,4.2,309
Mumbai,182.02,227.02,131.91,33.67,0.28,424
Bangalore,25.47,67.74,27.67,33.23,8.63,135
Mumbai,141.88,130.1,109.6,45.96,1.83,403
Hyderabad,205.69,110.73,90.24,63.37,6.26,318
Hyderabad,206.48,101.15,57.24,16.34,0.35,452
Bangalore,118.21,176.23,122.78,20.52,4.06,127
Hyderabad,283.09,287.53,174.91,86.22,9.86,239
Chennai,58.53,102.63,199.79,27.11,1.1,425
Delhi,155.1,159.34,123.51,39.26,4.29,59
Bangalore,210.36,168.55,83.92,87.38,3.14,100
Mumbai,212.17,391.05,48.92,66.99,9.06,496
Chennai,198.11,382.77,55.13,35.49,8.71,176
Bangalore,89.83,324.05,98.49,69.0,2.45,489
Hyderabad,55.3,111.83,76.62,3.93,0.9,132
Hyderabad,194.42,45.85,183.19,74.09,6.31,212
Hyderabad,183.8,140.42,76.82,49.73,3.43,389
Hyderabad,62.01,121.38,77.82,81.69,6.75,346
Mumbai,214.49,212.25,79.79,95.55,0.42,312
Chennai,142.0,315.54,168.14,92.73,1.42,288
Delhi,203.65,346.16,131.9,91.11,6.9,430
Mumbai,252.84,341.05,124.76,52.19,2.2,156
Mumbai,59.22,156.68,70.16,37.29,8.59,249
Delhi,15.55,281.15,164.49,47.57,0.68,120
Delhi,235.94,138.88,12.48,69.61,2.23,318
Hyderabad,186.81,43.14,174.81,88.63,9.99,163
Mumbai,212.9,286.59,104.99,22.28,4.39,200
Bangalore,253.06,23.73,82.66,91.98,7.06,262
Delhi,242.82,175.49,101.95,81.89,1.91,62
Delhi,288.67,145.16,135.15,97.93,6.14,91
Chennai,165.42,283.48,7.49,88.26,7.29,359
Bangalore,151.66,311.17,174.95,29.43,3.21,243
Bangalore,126.55,135.56,92.11,12.38,8.31,439
Delhi,54.57,328.42,71.88,13.0,6.07,363
Hyderabad,176.06,131.69,31.96,30.54,3.95,54
Chennai,90.33,189.6,90.7,62.19,5.62,328
Bangalore,277.18,296.27,101.78,80.82,5.81,92
Delhi,179.13,283.31,83.71,90.13,1.74,401
Bangalore,181.92,395.2,137.34,63.13,4.09,496
Chennai,112.93,105.56,87.07,2.55,3.5,289
Chennai,25.08,271.68,192.48,20.26,4.07,357
Mumbai,19.21,251.68,121.86,11.77,7.63,157
Delhi,132.77,367.74,162.46,37.61,4.88,247
Chennai,34.52,79.42,26.32,51.13,9.41,435
Mumbai,185.99,305.68,82.47,6.25,3.01,125
Mumbai,265.48,235.94,70.69,36.15,4.22,169
Bangalore,266.05,124.37,116.05,19.56,7.89,250
Bangalore,201.12,200.29,172.92,65.41,5.51,371
Mumbai,71.26,146.84,20.28,47.5,5.52,219
Bangalore,260.27,240.14,19.15,50.54,0.63,467
Chennai,266.97,357.82,170.81,43.91,4.05,93
Hyderabad,67.03,236.34,46.51,95.69,2.78,217
Chennai,223.85,260.05,135.41,23.04,9.99,369
Mumbai,93.09,217.12,110.86,52.63,3.15,152
Mumbai,242.77,39.44,167.41,74.13,8.86,345
Chennai,299.2,108.49,29.39,56.57,6.79,124
Bangalore,18.71,206.96,30.31,93.04,3.48,75
Bangalore,270.24,137.89,113.58,39.04,5.48,104
Mumbai,190.56,89.07,189.54,47.44,8.42,468
Delhi,292.28,211.57,85.92,10.68,8.85,298
Bangalore,144.85,142.67,68.75,61.68,1.69,408
Chennai,255.74,118.08,123.3,30.24,3.46,200
Bangalore,28.09,196.31,186.44,17.71,3.42,317
Chennai,107.23,70.65,168.2,55.36,0.52,273
Mumbai,29.43,372.54,199.12,54.17,6.02,476
Bangalore,292.85,349.73,9.4,9.44,8.56,386
Chennai,246.92,288.9,27.01,70.43,3.88,379
Mumbai,257.24,60.36,123.85,63.13,7.43,71
Delhi,282.01,314.83,165.01,20.52,6.31,297
Chennai,34.68,327.02,60.62,48.0,3.82,260
Delhi,121.82,311.75,51.65,72.59,1.5,468
Delhi,30.6,63.31,158.46,53.88,7.12,166
Hyderabad,71.13,264.69,15.99,40.76,8.56,171
Bangalore,76.52,337.04,77.03,33.59,6.89,235
Chennai,146.04,239.39,103.63,61.82,0.28,160
Delhi,87.88,265.63,114.27,94.03,2.24,108
Hyderabad,39.28,194.18,147.08,67.83,0.79,436
Mumbai,58.57,220.91,74.19,9.33,5.75,301
Chennai,52.71,33.06,124.47,47.15,7.59,438
Delhi,292.19,262.81,119.15,89.3,1.19,424
Bangalore,230.19,50.95,111.79,11.26,8.4,177
Hyderabad,290.65,185.31,129.89,98.91,5.6,296
Delhi,137.52,131.21,55.59,95.01,6.93,87
Bangalore,90.73,227.26,21.51,9.67,9.72,462
Delhi,241.51,70.7,28.26,93.47,0.93,232
Chennai,104.61,282.82,48.79,37.59,9.02,227
Chennai,96.82,322.1,102.54,84.78,1.35,186
Chennai,77.43,82.07,168.89,43.0,3.99,257
Hyderabad,47.61,59.64,141.75,45.2,8.53,163
Chennai,84.37,75.3,158.86,64.16,9.07,219
Bangalore,113.04,353.31,73.44,77.9,5.11,410
Delhi,205.46,220.71,83.91,5.31,5.98,425
Mumbai,28.14,197.56,81.77,60.13,7.11,187
Bangalore,71.05,60.55,42.42,20.3,8.34,261
Bangalore,244.62,266.83,16.94,35.9,1.3,443
Chennai,52.61,349.84,120.23,36.1,8.12,74
Hyderabad,109.37,334.71,197.9,47.97,4.86,450
Delhi,260.75,257.9,37.53,34.75,4.56,149
Hyderabad,54.93,48.61,14.1,12.52,4.3,355
Delhi,33.99,62.71,157.01,16.27,5.14,312
Delhi,150.52,38.74,54.25,5.28,9.46,299
Hyderabad,97.7,117.84,166.78,48.08,5.53,437
Bangalore,173.39,71.55,142.27,95.54,9.54,96
Delhi,243.1,118.82,189.41,13.34,1.88,206
Hyderabad,49.77,166.32,84.74,94.73,7.27,292
Delhi,178.4,378.33,134.08,73.87,8.14,415
Mumbai,156.6,251.94,95.65,64.47,6.82,147
Bangalore,51.78,337.29,127.96,65.24,6.11,411
Chennai,190.96,289.93,92.67,83.02,5.69,230
Delhi,89.36,62.75,41.78,12.48,8.62,135
Mumbai,151.47,299.65,104.04,51.47,8.23,392
Chennai,33.86,124.54,108.07,70.31,1.31,91
Chennai,143.28,262.86,163.07,59.51,8.5,282
Delhi,98.87,149.57,148.43,83.61,4.2,79
Hyderabad,248.49,399.12,134.44,9.08,2.61,210
Delhi,26.52,120.15,27.11,69.69,8.71,320
Mumbai,131.4,126.07,145.52,54.33,4.38,300
Chennai,142.95,373.66,102.56,39.16,8.1,232
Delhi,220.25,29.36,179.35,35.35,2.71,243
Hyderabad,176.54,284.74,184.37,62.84,0.14,152
Delhi,203.49,295.62,15.76,89.32,5.01,255
Bangalore,235.34,337.82,165.03,50.63,1.09,479
Hyderabad,260.04,390.29,12.35,82.82,7.57,433
Mumbai,101.02,390.73,76.6,41.41,2.83,115
Chennai,166.03,44.81,110.75,12.03,4.49,63
Delhi,253.63,332.3,33.88,8.03,0.96,470
Hyderabad,296.94,265.6,150.53,7.03,2.94,287
Bangalore,267.96,265.99,6.63,39.25,7.84,292
Hyderabad,117.73,68.77,37.88,35.05,1.6,401
Bangalore,66.6,267.07,118.26,72.36,6.51,192
Mumbai,151.92,393.34,144.31,74.8,9.18,267
